time,Excel_day,DoY,sm,ts,sm_count,smap_soil_moisture_am,smap_soil_moisture_pm,smap_lon,smap_lat
2016-01-01,42370.0,1.0,,,0,,,,
2016-01-02,42371.0,2.0,,,0,,,,
2016-01-03,42372.0,3.0,,,0,,,,
2016-01-04,42373.0,4.0,,,0,,,,
2016-01-05,42374.0,5.0,,,0,,,,
2016-01-06,42375.0,6.0,,,0,,,,
2016-01-07,42376.0,7.0,,,0,,,,
2016-01-08,42377.0,8.0,,,0,,,,
2016-01-09,42378.0,9.0,,,0,,,,
2016-01-10,42379.0,10.0,,,0,,,,
2016-01-11,42380.0,11.0,,,0,,,,
2016-01-12,42381.0,12.0,,,0,,,,
2016-01-13,42382.0,13.0,,,0,,,,
2016-01-14,42383.0,14.0,,,0,,,,
2016-01-15,42384.0,15.0,,,0,,,,
2016-01-16,42385.0,16.0,,,0,,,,
2016-01-17,42386.0,17.0,,,0,,,,
2016-01-18,42387.0,18.0,,,0,,,,
2016-01-19,42388.0,19.0,,,0,,,,
2016-01-20,42389.0,20.0,,,0,,,,
2016-01-21,42390.0,21.0,,,0,,,,
2016-01-22,42391.0,22.0,,,0,,,,
2016-01-23,42392.0,23.0,,,0,,,,
2016-01-24,42393.0,24.0,,,0,,,,
2016-01-25,42394.0,25.0,,,0,,,,
2016-01-26,42395.0,26.0,,,0,,,,
2016-01-27,42396.0,27.0,,,0,,,,
2016-01-28,42397.0,28.0,,,0,,,,
2016-01-29,42398.0,29.0,,,0,,,,
2016-01-30,42399.0,30.0,,,0,,,,
2016-01-31,42400.0,31.0,,,0,,,,
2016-02-01,42401.0,32.0,,,0,,,,
2016-02-02,42402.0,33.0,,,0,,,,
2016-02-03,42403.0,34.0,,,0,,,,
2016-02-04,42404.0,35.0,,,0,,,,
2016-02-05,42405.0,36.0,,,0,,,,
2016-02-06,42406.0,37.0,,,0,,,,
2016-02-07,42407.0,38.0,,,0,,,,
2016-02-08,42408.0,39.0,,,0,,,,
2016-02-09,42409.0,40.0,,,0,,,,
2016-02-10,42410.0,41.0,,,0,,,,
2016-02-11,42411.0,42.0,,,0,,,,
2016-02-12,42412.0,43.0,,,0,,,,
2016-02-13,42413.0,44.0,,,0,,,,
2016-02-14,42414.0,45.0,,,0,,,,
2016-02-15,42415.0,46.0,,,0,,,,
2016-02-16,42416.0,47.0,,,0,,,,
2016-02-17,42417.0,48.0,,,0,,,,
2016-02-18,42418.0,49.0,,,0,,,,
2016-02-19,42419.0,50.0,,,0,,,,
2016-02-20,42420.0,51.0,,,0,,,,
2016-02-21,42421.0,52.0,,,0,,,,
2016-02-22,42422.0,53.0,,,0,,,,
2016-02-23,42423.0,54.0,,,0,,,,
2016-02-24,42424.0,55.0,,,0,,,,
2016-02-25,42425.0,56.0,,,0,,,,
2016-02-26,42426.0,57.0,,,0,,,,
2016-02-27,42427.0,58.0,,,0,,,,
2016-02-28,42428.0,59.0,,,0,,,,
2016-02-29,42429.0,60.0,,,0,,,,
2016-03-01,42430.0,61.0,,,0,,,,
2016-03-02,42431.0,62.0,,,0,,,,
2016-03-03,42432.0,63.0,,,0,,,,
2016-03-04,42433.0,64.0,,,0,,,,
2016-03-05,42434.0,65.0,,,0,,,,
2016-03-06,42435.0,66.0,,,0,,,,
2016-03-07,42436.0,67.0,,,0,,,,
2016-03-08,42437.0,68.0,,,0,,,,
2016-03-09,42438.0,69.0,,,0,,,,
2016-03-10,42439.0,70.0,,,0,,,,
2016-03-11,42440.0,71.0,,,0,,,,
2016-03-12,42441.0,72.0,,,0,,,,
2016-03-13,42442.0,73.0,,,0,,,,
2016-03-14,42443.0,74.0,,,0,,,,
2016-03-15,42444.0,75.0,,,0,,,,
2016-03-16,42445.0,76.0,,,0,,,,
2016-03-17,42446.0,77.0,,,0,,,,
2016-03-18,42447.0,78.0,,,0,,,,
2016-03-19,42448.0,79.0,,,0,,,,
2016-03-20,42449.0,80.0,,,0,,,,
2016-03-21,42450.0,81.0,,,0,,,,
2016-03-22,42451.0,82.0,,,0,,,,
2016-03-23,42452.0,83.0,,,0,,,,
2016-03-24,42453.0,84.0,,,0,,,,
2016-03-25,42454.0,85.0,,,0,,,,
2016-03-26,42455.0,86.0,,,0,,,,
2016-03-27,42456.0,87.0,,,0,,,,
2016-03-28,42457.0,88.0,,,0,,,,
2016-03-29,42458.0,89.0,,,0,,,,
2016-03-30,42459.0,90.0,,,0,,,,
2016-03-31,42460.0,91.0,,,0,,,,
2016-04-01,42461.0,92.0,,,0,,,,
2016-04-02,42462.0,93.0,,,0,,,,
2016-04-03,42463.0,94.0,,,0,,,,
2016-04-04,42464.0,95.0,,,0,,,,
2016-04-05,42465.0,96.0,,,0,,,,
2016-04-06,42466.0,97.0,,,0,,,,
2016-04-07,42467.0,98.0,,,0,,,,
2016-04-08,42468.0,99.0,,,0,,,,
2016-04-09,42469.0,100.0,,,0,,,,
2016-04-10,42470.0,101.0,,,0,,,,
2016-04-11,42471.0,102.0,,,0,,,,
2016-04-12,42472.0,103.0,,,0,,,,
2016-04-13,42473.0,104.0,,,0,,,,
2016-04-14,42474.0,105.0,,,0,,,,
2016-04-15,42475.0,106.0,,,0,,,,
2016-04-16,42476.0,107.0,,,0,,,,
2016-04-17,42477.0,108.0,,,0,,,,
2016-04-18,42478.0,109.0,,,0,,,,
2016-04-19,42479.0,110.0,,,0,,,,
2016-04-20,42480.0,111.0,,,0,,,,
2016-04-21,42481.0,112.0,,,0,,,,
2016-04-22,42482.0,113.0,,,0,,,,
2016-04-23,42483.0,114.0,,,0,,,,
2016-04-24,42484.0,115.0,,,0,,,,
2016-04-25,42485.0,116.0,,,0,,,,
2016-04-26,42486.0,117.0,,,0,,,,
2016-04-27,42487.0,118.0,,,0,,,,
2016-04-28,42488.0,119.0,,,0,,,,
2016-04-29,42489.0,120.0,,,0,,,,
2016-04-30,42490.0,121.0,,,0,,,,
2016-05-01,42491.0,122.0,,,0,,,,
2016-05-02,42492.0,123.0,,,0,,,,
2016-05-03,42493.0,124.0,,,0,,,,
2016-05-04,42494.0,125.0,,,0,,,,
2016-05-05,42495.0,126.0,,,0,,,,
2016-05-06,42496.0,127.0,,,0,,,,
2016-05-07,42497.0,128.0,,,0,,,,
2016-05-08,42498.0,129.0,,,0,,,,
2016-05-09,42499.0,130.0,,,0,,,,
2016-05-10,42500.0,131.0,,,0,,,,
2016-05-11,42501.0,132.0,,,0,,,,
2016-05-12,42502.0,133.0,,,0,,,,
2016-05-13,42503.0,134.0,,,0,,,,
2016-05-14,42504.0,135.0,,,0,,,,
2016-05-15,42505.0,136.0,,,0,,,,
2016-05-16,42506.0,137.0,,,0,,,,
2016-05-17,42507.0,138.0,,,0,,,,
2016-05-18,42508.0,139.0,,,0,,,,
2016-05-19,42509.0,140.0,,,0,,,,
2016-05-20,42510.0,141.0,,,0,,,,
2016-05-21,42511.0,142.0,,,0,,,,
2016-05-22,42512.0,143.0,,,0,,,,
2016-05-23,42513.0,144.0,,,0,,,,
2016-05-24,42514.0,145.0,,,0,,,,
2016-05-25,42515.0,146.0,,,0,,,,
2016-05-26,42516.0,147.0,,,0,,,,
2016-05-27,42517.0,148.0,,,0,,,,
2016-05-28,42518.0,149.0,,,0,,,,
2016-05-29,42519.0,150.0,,,0,,,,
2016-05-30,42520.0,151.0,,,0,,,,
2016-05-31,42521.0,152.0,,,0,,,,
2016-06-01,42522.0,153.0,,,0,,,,
2016-06-02,42523.0,154.0,,,0,,,,
2016-06-03,42524.0,155.0,,,0,,,,
2016-06-04,42525.0,156.0,,,0,,,,
2016-06-05,42526.0,157.0,,,0,,,,
2016-06-06,42527.0,158.0,,,0,,,,
2016-06-07,42528.0,159.0,,,0,,,,
2016-06-08,42529.0,160.0,,,0,,,,
2016-06-09,42530.0,161.0,,,0,,,,
2016-06-10,42531.0,162.0,,,0,,,,
2016-06-11,42532.0,163.0,,,0,,,,
2016-06-12,42533.0,164.0,,,0,,,,
2016-06-13,42534.0,165.0,,,0,,,,
2016-06-14,42535.0,166.0,,,0,,,,
2016-06-15,42536.0,167.0,,,0,,,,
2016-06-16,42537.0,168.0,,,0,,,,
2016-06-17,42538.0,169.0,,,0,,,,
2016-06-18,42539.0,170.0,,,0,,,,
2016-06-19,42540.0,171.0,,,0,,,,
2016-06-20,42541.0,172.0,,,0,,,,
2016-06-21,42542.0,173.0,,,0,,,,
2016-06-22,42543.0,174.0,,,0,,,,
2016-06-23,42544.0,175.0,,,0,,,,
2016-06-24,42545.0,176.0,,,0,,,,
2016-06-25,42546.0,177.0,,,0,,,,
2016-06-26,42547.0,178.0,,,0,,,,
2016-06-27,42548.0,179.0,,,0,,,,
2016-06-28,42549.0,180.0,,,0,,,,
2016-06-29,42550.0,181.0,,,0,,,,
2016-06-30,42551.0,182.0,,,0,,,,
2016-07-01,42552.0,183.0,,,0,,,,
2016-07-02,42553.0,184.0,,,0,,,,
2016-07-03,42554.0,185.0,,,0,,,,
2016-07-04,42555.0,186.0,,,0,,,,
2016-07-05,42556.0,187.0,,,0,,,,
2016-07-06,42557.0,188.0,,,0,,,,
2016-07-07,42558.0,189.0,,,0,,,,
2016-07-08,42559.0,190.0,,,0,,,,
2016-07-09,42560.0,191.0,,,0,,,,
2016-07-10,42561.0,192.0,,,0,,,,
2016-07-11,42562.0,193.0,,,0,,,,
2016-07-12,42563.0,194.0,,,0,,,,
2016-07-13,42564.0,195.0,,,0,,,,
2016-07-14,42565.0,196.0,,,0,,,,
2016-07-15,42566.0,197.0,,,0,,,,
2016-07-16,42567.0,198.0,,,0,,,,
2016-07-17,42568.0,199.0,,,0,,,,
2016-07-18,42569.0,200.0,,,0,,,,
2016-07-19,42570.0,201.0,,,0,,,,
2016-07-20,42571.0,202.0,,,0,,,,
2016-07-21,42572.0,203.0,,,0,,,,
2016-07-22,42573.0,204.0,,,0,,,,
2016-07-23,42574.0,205.0,,,0,,,,
2016-07-24,42575.0,206.0,,,0,,,,
2016-07-25,42576.0,207.0,,,0,,,,
2016-07-26,42577.0,208.0,,,0,,,,
2016-07-27,42578.0,209.0,,,0,,,,
2016-07-28,42579.0,210.0,,,0,,,,
2016-07-29,42580.0,211.0,,,0,,,,
2016-07-30,42581.0,212.0,,,0,,,,
2016-07-31,42582.0,213.0,,,0,,,,
2016-08-01,42583.0,214.0,,,0,,,,
2016-08-02,42584.0,215.0,,,0,,,,
2016-08-03,42585.0,216.0,,,0,,,,
2016-08-04,42586.0,217.0,,,0,,,,
2016-08-05,42587.0,218.0,,,0,,,,
2016-08-06,42588.0,219.0,,,0,,,,
2016-08-07,42589.0,220.0,,,0,,,,
2016-08-08,42590.0,221.0,,,0,,,,
2016-08-09,42591.0,222.0,,,0,,,,
2016-08-10,42592.0,223.0,,,0,,,,
2016-08-11,42593.0,224.0,,,0,,,,
2016-08-12,42594.0,225.0,,,0,,,,
2016-08-13,42595.0,226.0,,,0,,,,
2016-08-14,42596.0,227.0,,,0,,,,
2016-08-15,42597.0,228.0,,,0,,,,
2016-08-16,42598.0,229.0,,,0,,,,
2016-08-17,42599.0,230.0,,,0,,,,
2016-08-18,42600.0,231.0,,,0,,,,
2016-08-19,42601.0,232.0,,,0,,,,
2016-08-20,42602.0,233.0,,,0,,,,
2016-08-21,42603.0,234.0,,,0,,,,
2016-08-22,42604.0,235.0,,,0,,,,
2016-08-23,42605.0,236.0,,,0,,,,
2016-08-24,42606.0,237.0,,,0,,,,
2016-08-25,42607.0,238.0,,,0,,,,
2016-08-26,42608.0,239.0,,,0,,,,
2016-08-27,42609.0,240.0,,,0,,,,
2016-08-28,42610.0,241.0,,,0,,,,
2016-08-29,42611.0,242.0,,,0,,,,
2016-08-30,42612.0,243.0,,,0,,,,
2016-08-31,42613.0,244.0,,,0,,,,
2016-09-01,42614.0,245.0,,,0,,,,
2016-09-02,42615.0,246.0,,,0,,,,
2016-09-03,42616.0,247.0,,,0,,,,
2016-09-04,42617.0,248.0,,,0,,,,
2016-09-05,42618.0,249.0,,,0,,,,
2016-09-06,42619.0,250.0,,,0,,,,
2016-09-07,42620.0,251.0,,,0,,,,
2016-09-08,42621.0,252.0,,,0,,,,
2016-09-09,42622.0,253.0,,,0,,,,
2016-09-10,42623.0,254.0,,,0,,,,
2016-09-11,42624.0,255.0,,,0,,,,
2016-09-12,42625.0,256.0,,,0,,,,
2016-09-13,42626.0,257.0,,,0,,,,
2016-09-14,42627.0,258.0,,,0,,,,
2016-09-15,42628.0,259.0,,,0,,,,
2016-09-16,42629.0,260.0,,,0,,,,
2016-09-17,42630.0,261.0,,,0,,,,
2016-09-18,42631.0,262.0,,,0,,,,
2016-09-19,42632.0,263.0,,,0,,,,
2016-09-20,42633.0,264.0,,,0,,,,
2016-09-21,42634.0,265.0,,,0,,,,
2016-09-22,42635.0,266.0,,,0,,,,
2016-09-23,42636.0,267.0,,,0,,,,
2016-09-24,42637.0,268.0,,,0,,,,
2016-09-25,42638.0,269.0,,,0,,,,
2016-09-26,42639.0,270.0,,,0,,,,
2016-09-27,42640.0,271.0,,,0,,,,
2016-09-28,42641.0,272.0,,,0,,,,
2016-09-29,42642.0,273.0,,,0,,,,
2016-09-30,42643.0,274.0,,,0,,,,
2016-10-01,42644.0,275.0,,,0,,,,
2016-10-02,42645.0,276.0,,,0,,,,
2016-10-03,42646.0,277.0,,,0,,,,
2016-10-04,42647.0,278.0,,,0,,,,
2016-10-05,42648.0,279.0,,,0,,,,
2016-10-06,42649.0,280.0,,,0,,,,
2016-10-07,42650.0,281.0,,,0,,,,
2016-10-08,42651.0,282.0,,,0,,,,
2016-10-09,42652.0,283.0,,,0,,,,
2016-10-10,42653.0,284.0,,,0,,,,
2016-10-11,42654.0,285.0,,,0,,,,
2016-10-12,42655.0,286.0,,,0,,,,
2016-10-13,42656.0,287.0,,,0,,,,
2016-10-14,42657.0,288.0,,,0,,,,
2016-10-15,42658.0,289.0,,,0,,,,
2016-10-16,42659.0,290.0,,,0,,,,
2016-10-17,42660.0,291.0,,,0,,,,
2016-10-18,42661.0,292.0,,,0,,,,
2016-10-19,42662.0,293.0,,,0,,,,
2016-10-20,42663.0,294.0,,,0,,,,
2016-10-21,42664.0,295.0,,,0,,,,
2016-10-22,42665.0,296.0,,,0,,,,
2016-10-23,42666.0,297.0,,,0,,,,
2016-10-24,42667.0,298.0,,,0,,,,
2016-10-25,42668.0,299.0,,,0,,,,
2016-10-26,42669.0,300.0,,,0,,,,
2016-10-27,42670.0,301.0,,,0,,,,
2016-10-28,42671.0,302.0,,,0,,,,
2016-10-29,42672.0,303.0,,,0,,,,
2016-10-30,42673.0,304.0,,,0,,,,
2016-10-31,42674.0,305.0,,,0,,,,
2016-11-01,42675.0,306.0,,,0,,,,
2016-11-02,42676.0,307.0,,,0,,,,
2016-11-03,42677.0,308.0,,,0,,,,
2016-11-04,42678.0,309.0,,,0,,,,
2016-11-05,42679.0,310.0,,,0,,,,
2016-11-06,42680.0,311.0,,,0,,,,
2016-11-07,42681.0,312.0,,,0,,,,
2016-11-08,42682.0,313.0,,,0,,,,
2016-11-09,42683.0,314.0,,,0,,,,
2016-11-10,42684.0,315.0,,,0,,,,
2016-11-11,42685.0,316.0,,,0,,,,
2016-11-12,42686.0,317.0,,,0,,,,
2016-11-13,42687.0,318.0,,,0,,,,
2016-11-14,42688.0,319.0,,,0,,,,
2016-11-15,42689.0,320.0,,,0,,,,
2016-11-16,42690.0,321.0,,,0,,,,
2016-11-17,42691.0,322.0,,,0,,,,
2016-11-18,42692.0,323.0,,,0,,,,
2016-11-19,42693.0,324.0,,,0,,,,
2016-11-20,42694.0,325.0,,,0,,,,
2016-11-21,42695.0,326.0,,,0,,,,
2016-11-22,42696.0,327.0,,,0,,,,
2016-11-23,42697.0,328.0,,,0,,,,
2016-11-24,42698.0,329.0,,,0,,,,
2016-11-25,42699.0,330.0,,,0,,,,
2016-11-26,42700.0,331.0,,,0,,,,
2016-11-27,42701.0,332.0,,,0,,,,
2016-11-28,42702.0,333.0,,,0,,,,
2016-11-29,42703.0,334.0,,,0,,,,
2016-11-30,42704.0,335.0,,,0,,,,
2016-12-01,42705.0,336.0,,,0,,,,
2016-12-02,42706.0,337.0,,,0,,,,
2016-12-03,42707.0,338.0,,,0,,,,
2016-12-04,42708.0,339.0,,,0,,,,
2016-12-05,42709.0,340.0,,,0,,,,
2016-12-06,42710.0,341.0,,,0,,,,
2016-12-07,42711.0,342.0,,,0,,,,
2016-12-08,42712.0,343.0,,,0,,,,
2016-12-09,42713.0,344.0,,,0,,,,
2016-12-10,42714.0,345.0,,,0,,,,
2016-12-11,42715.0,346.0,,,0,,,,
2016-12-12,42716.0,347.0,,,0,,,,
2016-12-13,42717.0,348.0,,,0,,,,
2016-12-14,42718.0,349.0,,,0,,,,
2016-12-15,42719.0,350.0,,,0,,,,
2016-12-16,42720.0,351.0,,,0,,,,
2016-12-17,42721.0,352.0,,,0,,,,
2016-12-18,42722.0,353.0,,,0,,,,
2016-12-19,42723.0,354.0,,,0,,,,
2016-12-20,42724.0,355.0,,,0,,,,
2016-12-21,42725.0,356.0,,,0,,,,
2016-12-22,42726.0,357.0,,,0,,,,
2016-12-23,42727.0,358.0,,,0,,,,
2016-12-24,42728.0,359.0,,,0,,,,
2016-12-25,42729.0,360.0,,,0,,,,
2016-12-26,42730.0,361.0,,,0,,,,
2016-12-27,42731.0,362.0,,,0,,,,
2016-12-28,42732.0,363.0,,,0,,,,
2016-12-29,42733.0,364.0,,,0,,,,
2016-12-30,42734.0,365.0,,,0,,,,
2016-12-31,42735.0,366.0,,,0,,,,
2017-01-01,42736.0,1.0,,,0,,,,
2017-01-02,42737.0,2.0,,,0,,,,
2017-01-03,42738.0,3.0,,,0,,,,
2017-01-04,42739.0,4.0,,,0,,,,
2017-01-05,42740.0,5.0,,,0,,,,
2017-01-06,42741.0,6.0,,,0,,,,
2017-01-07,42742.0,7.0,,,0,,,,
2017-01-08,42743.0,8.0,,,0,,,,
2017-01-09,42744.0,9.0,,,0,,,,
2017-01-10,42745.0,10.0,,,0,,,,
2017-01-11,42746.0,11.0,,,0,,,,
2017-01-12,42747.0,12.0,,,0,,,,
2017-01-13,42748.0,13.0,,,0,,,,
2017-01-14,42749.0,14.0,,,0,,,,
2017-01-15,42750.0,15.0,,,0,,,,
2017-01-16,42751.0,16.0,,,0,,,,
2017-01-17,42752.0,17.0,,,0,,,,
2017-01-18,42753.0,18.0,,,0,,,,
2017-01-19,42754.0,19.0,,,0,,,,
2017-01-20,42755.0,20.0,,,0,,,,
2017-01-21,42756.0,21.0,,,0,,,,
2017-01-22,42757.0,22.0,,,0,,,,
2017-01-23,42758.0,23.0,,,0,,,,
2017-01-24,42759.0,24.0,,,0,,,,
2017-01-25,42760.0,25.0,,,0,,,,
2017-01-26,42761.0,26.0,,,0,,,,
2017-01-27,42762.0,27.0,,,0,,,,
2017-01-28,42763.0,28.0,,,0,,,,
2017-01-29,42764.0,29.0,,,0,,,,
2017-01-30,42765.0,30.0,,,0,,,,
2017-01-31,42766.0,31.0,,,0,,,,
2017-02-01,42767.0,32.0,,,0,,,,
2017-02-02,42768.0,33.0,,,0,,,,
2017-02-03,42769.0,34.0,,,0,,,,
2017-02-04,42770.0,35.0,,,0,,,,
2017-02-05,42771.0,36.0,,,0,,,,
2017-02-06,42772.0,37.0,,,0,,,,
2017-02-07,42773.0,38.0,,,0,,,,
2017-02-08,42774.0,39.0,,,0,,,,
2017-02-09,42775.0,40.0,,,0,,,,
2017-02-10,42776.0,41.0,,,0,,,,
2017-02-11,42777.0,42.0,,,0,,,,
2017-02-12,42778.0,43.0,,,0,,,,
2017-02-13,42779.0,44.0,,,0,,,,
2017-02-14,42780.0,45.0,,,0,,,,
2017-02-15,42781.0,46.0,,,0,,,,
2017-02-16,42782.0,47.0,,,0,,,,
2017-02-17,42783.0,48.0,,,0,,,,
2017-02-18,42784.0,49.0,,,0,,,,
2017-02-19,42785.0,50.0,,,0,,,,
2017-02-20,42786.0,51.0,,,0,,,,
2017-02-21,42787.0,52.0,,,0,,,,
2017-02-22,42788.0,53.0,,,0,,,,
2017-02-23,42789.0,54.0,,,0,,,,
2017-02-24,42790.0,55.0,,,0,,,,
2017-02-25,42791.0,56.0,,,0,,,,
2017-02-26,42792.0,57.0,,,0,,,,
2017-02-27,42793.0,58.0,,,0,,,,
2017-02-28,42794.0,59.0,,,0,,,,
2017-03-01,42795.0,60.0,,,0,,,,
2017-03-02,42796.0,61.0,,,0,,,,
2017-03-03,42797.0,62.0,,,0,,,,
2017-03-04,42798.0,63.0,,,0,,,,
2017-03-05,42799.0,64.0,,,0,,,,
2017-03-06,42800.0,65.0,,,0,,,,
2017-03-07,42801.0,66.0,,,0,,,,
2017-03-08,42802.0,67.0,,,0,,,,
2017-03-09,42803.0,68.0,,,0,,,,
2017-03-10,42804.0,69.0,,,0,,,,
2017-03-11,42805.0,70.0,,,0,,,,
2017-03-12,42806.0,71.0,,,0,,,,
2017-03-13,42807.0,72.0,,,0,,,,
2017-03-14,42808.0,73.0,,,0,,,,
2017-03-15,42809.0,74.0,,,0,,,,
2017-03-16,42810.0,75.0,,,0,,,,
2017-03-17,42811.0,76.0,,,0,,,,
2017-03-18,42812.0,77.0,,,0,,,,
2017-03-19,42813.0,78.0,,,0,,,,
2017-03-20,42814.0,79.0,,,0,,,,
2017-03-21,42815.0,80.0,,,0,,,,
2017-03-22,42816.0,81.0,,,0,,,,
2017-03-23,42817.0,82.0,,,0,,,,
2017-03-24,42818.0,83.0,,,0,,,,
2017-03-25,42819.0,84.0,,,0,,,,
2017-03-26,42820.0,85.0,,,0,,,,
2017-03-27,42821.0,86.0,,,0,,,,
2017-03-28,42822.0,87.0,,,0,,,,
2017-03-29,42823.0,88.0,,,0,,,,
2017-03-30,42824.0,89.0,,,0,,,,
2017-03-31,42825.0,90.0,,,0,,,,
2017-04-01,42826.0,91.0,,,0,,,,
2017-04-02,42827.0,92.0,,,0,,,,
2017-04-03,42828.0,93.0,,,0,,,,
2017-04-04,42829.0,94.0,,,0,,,,
2017-04-05,42830.0,95.0,,,0,,,,
2017-04-06,42831.0,96.0,,,0,,,,
2017-04-07,42832.0,97.0,,,0,,,,
2017-04-08,42833.0,98.0,,,0,,,,
2017-04-09,42834.0,99.0,,,0,,,,
2017-04-10,42835.0,100.0,,,0,,,,
2017-04-11,42836.0,101.0,,,0,,,,
2017-04-12,42837.0,102.0,,,0,,,,
2017-04-13,42838.0,103.0,,,0,,,,
2017-04-14,42839.0,104.0,,,0,,,,
2017-04-15,42840.0,105.0,,,0,,,,
2017-04-16,42841.0,106.0,,,0,,,,
2017-04-17,42842.0,107.0,,,0,,,,
2017-04-18,42843.0,108.0,,,0,,,,
2017-04-19,42844.0,109.0,,,0,,,,
2017-04-20,42845.0,110.0,,,0,,,,
2017-04-21,42846.0,111.0,,,0,,,,
2017-04-22,42847.0,112.0,,,0,,,,
2017-04-23,42848.0,113.0,,,0,,,,
2017-04-24,42849.0,114.0,,,0,,,,
2017-04-25,42850.0,115.0,,,0,,,,
2017-04-26,42851.0,116.0,,,0,,,,
2017-04-27,42852.0,117.0,,,0,,,,
2017-04-28,42853.0,118.0,,,0,,,,
2017-04-29,42854.0,119.0,,,0,,,,
2017-04-30,42855.0,120.0,,,0,,,,
2017-05-01,42856.0,121.0,,,0,,,,
2017-05-02,42857.0,122.0,,,0,,,,
2017-05-03,42858.0,123.0,,,0,,,,
2017-05-04,42859.0,124.0,,,0,,,,
2017-05-05,42860.0,125.0,,,0,,,,
2017-05-06,42861.0,126.0,,,0,,,,
2017-05-07,42862.0,127.0,,,0,,,,
2017-05-08,42863.0,128.0,,,0,,,,
2017-05-09,42864.0,129.0,,,0,,,,
2017-05-10,42865.0,130.0,,,0,,,,
2017-05-11,42866.0,131.0,,,0,,,,
2017-05-12,42867.0,132.0,,,0,,,,
2017-05-13,42868.0,133.0,,,0,,,,
2017-05-14,42869.0,134.0,,,0,,,,
2017-05-15,42870.0,135.0,,,0,,,,
2017-05-16,42871.0,136.0,,,0,,,,
2017-05-17,42872.0,137.0,,,0,,,,
2017-05-18,42873.0,138.0,,,0,,,,
2017-05-19,42874.0,139.0,,,0,,,,
2017-05-20,42875.0,140.0,,,0,,,,
2017-05-21,42876.0,141.0,,,0,,,,
2017-05-22,42877.0,142.0,,,0,,,,
2017-05-23,42878.0,143.0,,,0,,,,
2017-05-24,42879.0,144.0,,,0,,,,
2017-05-25,42880.0,145.0,,,0,,,,
2017-05-26,42881.0,146.0,,,0,,,,
2017-05-27,42882.0,147.0,,,0,,,,
2017-05-28,42883.0,148.0,,,0,,,,
2017-05-29,42884.0,149.0,,,0,,,,
2017-05-30,42885.0,150.0,,,0,,,,
2017-05-31,42886.0,151.0,,,0,,,,
2017-06-01,42887.0,152.0,,,0,,,,
2017-06-02,42888.0,153.0,,,0,,,,
2017-06-03,42889.0,154.0,,,0,,,,
2017-06-04,42890.0,155.0,,,0,,,,
2017-06-05,42891.0,156.0,,,0,,,,
2017-06-06,42892.0,157.0,,,0,,,,
2017-06-07,42893.0,158.0,,,0,,,,
2017-06-08,42894.0,159.0,,,0,,,,
2017-06-09,42895.0,160.0,,,0,,,,
2017-06-10,42896.0,161.0,,,0,,,,
2017-06-11,42897.0,162.0,,,0,,,,
2017-06-12,42898.0,163.0,,,0,,,,
2017-06-13,42899.0,164.0,,,0,,,,
2017-06-14,42900.0,165.0,,,0,,,,
2017-06-15,42901.0,166.0,,,0,,,,
2017-06-16,42902.0,167.0,,,0,,,,
2017-06-17,42903.0,168.0,,,0,,,,
2017-06-18,42904.0,169.0,,,0,,,,
2017-06-19,42905.0,170.0,,,0,,,,
2017-06-20,42906.0,171.0,,,0,,,,
2017-06-21,42907.0,172.0,,,0,,,,
2017-06-22,42908.0,173.0,,,0,,,,
2017-06-23,42909.0,174.0,,,0,,,,
2017-06-24,42910.0,175.0,,,0,,,,
2017-06-25,42911.0,176.0,,,0,,,,
2017-06-26,42912.0,177.0,,,0,,,,
2017-06-27,42913.0,178.0,,,0,,,,
2017-06-28,42914.0,179.0,,,0,,,,
2017-06-29,42915.0,180.0,,,0,,,,
2017-06-30,42916.0,181.0,,,0,,,,
2017-07-01,42917.0,182.0,,,0,,,,
2017-07-02,42918.0,183.0,,,0,,,,
2017-07-03,42919.0,184.0,,,0,,,,
2017-07-04,42920.0,185.0,,,0,,,,
2017-07-05,42921.0,186.0,,,0,,,,
2017-07-06,42922.0,187.0,,,0,,,,
2017-07-07,42923.0,188.0,,,0,,,,
2017-07-08,42924.0,189.0,,,0,,,,
2017-07-09,42925.0,190.0,,,0,,,,
2017-07-10,42926.0,191.0,,,0,,,,
2017-07-11,42927.0,192.0,,,0,,,,
2017-07-12,42928.0,193.0,,,0,,,,
2017-07-13,42929.0,194.0,,,0,,,,
2017-07-14,42930.0,195.0,,,0,,,,
2017-07-15,42931.0,196.0,,,0,,,,
2017-07-16,42932.0,197.0,,,0,,,,
2017-07-17,42933.0,198.0,,,0,,,,
2017-07-18,42934.0,199.0,,,0,,,,
2017-07-19,42935.0,200.0,,,0,,,,
2017-07-20,42936.0,201.0,,,0,,,,
2017-07-21,42937.0,202.0,,,0,,,,
2017-07-22,42938.0,203.0,,,0,,,,
2017-07-23,42939.0,204.0,,,0,,,,
2017-07-24,42940.0,205.0,,,0,,,,
2017-07-25,42941.0,206.0,,,0,,,,
2017-07-26,42942.0,207.0,,,0,,,,
2017-07-27,42943.0,208.0,,,0,,,,
2017-07-28,42944.0,209.0,,,0,,,,
2017-07-29,42945.0,210.0,,,0,,,,
2017-07-30,42946.0,211.0,,,0,,,,
2017-07-31,42947.0,212.0,,,0,,,,
2017-08-01,42948.0,213.0,,,0,,,,
2017-08-02,42949.0,214.0,,,0,,,,
2017-08-03,42950.0,215.0,,,0,,,,
2017-08-04,42951.0,216.0,,,0,,,,
2017-08-05,42952.0,217.0,,,0,,,,
2017-08-06,42953.0,218.0,,,0,,,,
2017-08-07,42954.0,219.0,,,0,,,,
2017-08-08,42955.0,220.0,,,0,,,,
2017-08-09,42956.0,221.0,,,0,,,,
2017-08-10,42957.0,222.0,,,0,,,,
2017-08-11,42958.0,223.0,,,0,,,,
2017-08-12,42959.0,224.0,,,0,,,,
2017-08-13,42960.0,225.0,,,0,,,,
2017-08-14,42961.0,226.0,,,0,,,,
2017-08-15,42962.0,227.0,,,0,,,,
2017-08-16,42963.0,228.0,,,0,,,,
2017-08-17,42964.0,229.0,,,0,,,,
2017-08-18,42965.0,230.0,,,0,,,,
2017-08-19,42966.0,231.0,,,0,,,,
2017-08-20,42967.0,232.0,,,0,,,,
2017-08-21,42968.0,233.0,,,0,,,,
2017-08-22,42969.0,234.0,,,0,,,,
2017-08-23,42970.0,235.0,,,0,,,,
2017-08-24,42971.0,236.0,,,0,,,,
2017-08-25,42972.0,237.0,,,0,,,,
2017-08-26,42973.0,238.0,,,0,,,,
2017-08-27,42974.0,239.0,,,0,,,,
2017-08-28,42975.0,240.0,,,0,,,,
2017-08-29,42976.0,241.0,,,0,,,,
2017-08-30,42977.0,242.0,,,0,,,,
2017-08-31,42978.0,243.0,,,0,,,,
2017-09-01,42979.0,244.0,,,0,,,,
2017-09-02,42980.0,245.0,,,0,,,,
2017-09-03,42981.0,246.0,,,0,,,,
2017-09-04,42982.0,247.0,,,0,,,,
2017-09-05,42983.0,248.0,,,0,,,,
2017-09-06,42984.0,249.0,,,0,,,,
2017-09-07,42985.0,250.0,,,0,,,,
2017-09-08,42986.0,251.0,,,0,,,,
2017-09-09,42987.0,252.0,,,0,,,,
2017-09-10,42988.0,253.0,,,0,,,,
2017-09-11,42989.0,254.0,,,0,,,,
2017-09-12,42990.0,255.0,,,0,,,,
2017-09-13,42991.0,256.0,,,0,,,,
2017-09-14,42992.0,257.0,,,0,,,,
2017-09-15,42993.0,258.0,,,0,,,,
2017-09-16,42994.0,259.0,,,0,,,,
2017-09-17,42995.0,260.0,,,0,,,,
2017-09-18,42996.0,261.0,,,0,,,,
2017-09-19,42997.0,262.0,,,0,,,,
2017-09-20,42998.0,263.0,,,0,,,,
2017-09-21,42999.0,264.0,,,0,,,,
2017-09-22,43000.0,265.0,,,0,,,,
2017-09-23,43001.0,266.0,,,0,,,,
2017-09-24,43002.0,267.0,,,0,,,,
2017-09-25,43003.0,268.0,,,0,,,,
2017-09-26,43004.0,269.0,,,0,,,,
2017-09-27,43005.0,270.0,,,0,,,,
2017-09-28,43006.0,271.0,,,0,,,,
2017-09-29,43007.0,272.0,,,0,,,,
2017-09-30,43008.0,273.0,,,0,,,,
2017-10-01,43009.0,274.0,,,0,,,,
2017-10-02,43010.0,275.0,,,0,,,,
2017-10-03,43011.0,276.0,,,0,,,,
2017-10-04,43012.0,277.0,,,0,,,,
2017-10-05,43013.0,278.0,,,0,,,,
2017-10-06,43014.0,279.0,,,0,,,,
2017-10-07,43015.0,280.0,,,0,,,,
2017-10-08,43016.0,281.0,,,0,,,,
2017-10-09,43017.0,282.0,,,0,,,,
2017-10-10,43018.0,283.0,,,0,,,,
2017-10-11,43019.0,284.0,,,0,,,,
2017-10-12,43020.0,285.0,,,0,,,,
2017-10-13,43021.0,286.0,,,0,,,,
2017-10-14,43022.0,287.0,,,0,,,,
2017-10-15,43023.0,288.0,,,0,,,,
2017-10-16,43024.0,289.0,,,0,,,,
2017-10-17,43025.0,290.0,,,0,,,,
2017-10-18,43026.0,291.0,,,0,,,,
2017-10-19,43027.0,292.0,,,0,,,,
2017-10-20,43028.0,293.0,,,0,,,,
2017-10-21,43029.0,294.0,,,0,,,,
2017-10-22,43030.0,295.0,,,0,,,,
2017-10-23,43031.0,296.0,,,0,,,,
2017-10-24,43032.0,297.0,,,0,,,,
2017-10-25,43033.0,298.0,,,0,,,,
2017-10-26,43034.0,299.0,,,0,,,,
2017-10-27,43035.0,300.0,,,0,,,,
2017-10-28,43036.0,301.0,,,0,,,,
2017-10-29,43037.0,302.0,,,0,,,,
2017-10-30,43038.0,303.0,,,0,,,,
2017-10-31,43039.0,304.0,,,0,,,,
2017-11-01,43040.0,305.0,,,0,,,,
2017-11-02,43041.0,306.0,,,0,,,,
2017-11-03,43042.0,307.0,,,0,,,,
2017-11-04,43043.0,308.0,,,0,,,,
2017-11-05,43044.0,309.0,,,0,,,,
2017-11-06,43045.0,310.0,,,0,,,,
2017-11-07,43046.0,311.0,,,0,,,,
2017-11-08,43047.0,312.0,,,0,,,,
2017-11-09,43048.0,313.0,,,0,,,,
2017-11-10,43049.0,314.0,,,0,,,,
2017-11-11,43050.0,315.0,,,0,,,,
2017-11-12,43051.0,316.0,,,0,,,,
2017-11-13,43052.0,317.0,,,0,,,,
2017-11-14,43053.0,318.0,,,0,,,,
2017-11-15,43054.0,319.0,,,0,,,,
2017-11-16,43055.0,320.0,,,0,,,,
2017-11-17,43056.0,321.0,,,0,,,,
2017-11-18,43057.0,322.0,,,0,,,,
2017-11-19,43058.0,323.0,,,0,,,,
2017-11-20,43059.0,324.0,,,0,,,,
2017-11-21,43060.0,325.0,,,0,,,,
2017-11-22,43061.0,326.0,,,0,,,,
2017-11-23,43062.0,327.0,,,0,,,,
2017-11-24,43063.0,328.0,,,0,,,,
2017-11-25,43064.0,329.0,,,0,,,,
2017-11-26,43065.0,330.0,,,0,,,,
2017-11-27,43066.0,331.0,,,0,,,,
2017-11-28,43067.0,332.0,,,0,,,,
2017-11-29,43068.0,333.0,,,0,,,,
2017-11-30,43069.0,334.0,,,0,,,,
2017-12-01,43070.0,335.0,,,0,,,,
2017-12-02,43071.0,336.0,,,0,,,,
2017-12-03,43072.0,337.0,,,0,,,,
2017-12-04,43073.0,338.0,,,0,,,,
2017-12-05,43074.0,339.0,,,0,,,,
2017-12-06,43075.0,340.0,,,0,,,,
2017-12-07,43076.0,341.0,,,0,,,,
2017-12-08,43077.0,342.0,,,0,,,,
2017-12-09,43078.0,343.0,,,0,,,,
2017-12-10,43079.0,344.0,,,0,,,,
2017-12-11,43080.0,345.0,,,0,,,,
2017-12-12,43081.0,346.0,,,0,,,,
2017-12-13,43082.0,347.0,,,0,,,,
2017-12-14,43083.0,348.0,,,0,,,,
2017-12-15,43084.0,349.0,,,0,,,,
2017-12-16,43085.0,350.0,,,0,,,,
2017-12-17,43086.0,351.0,,,0,,,,
2017-12-18,43087.0,352.0,,,0,,,,
2017-12-19,43088.0,353.0,,,0,,,,
2017-12-20,43089.0,354.0,,,0,,,,
2017-12-21,43090.0,355.0,,,0,,,,
2017-12-22,43091.0,356.0,,,0,,,,
2017-12-23,43092.0,357.0,,,0,,,,
2017-12-24,43093.0,358.0,,,0,,,,
2017-12-25,43094.0,359.0,,,0,,,,
2017-12-26,43095.0,360.0,,,0,,,,
2017-12-27,43096.0,361.0,,,0,,,,
2017-12-28,43097.0,362.0,,,0,,,,
2017-12-29,43098.0,363.0,,,0,,,,
2017-12-30,43099.0,364.0,,,0,,,,
2017-12-31,43100.0,365.0,,,0,,,,
2018-01-01,43101.0,1.0,,,0,,,,
2018-01-02,43102.0,2.0,,,0,,,,
2018-01-03,43103.0,3.0,,,0,,,,
2018-01-04,43104.0,4.0,,,0,,,,
2018-01-05,43105.0,5.0,,,0,,,,
2018-01-06,43106.0,6.0,,,0,,,,
2018-01-07,43107.0,7.0,,,0,,,,
2018-01-08,43108.0,8.0,,,0,,,,
2018-01-09,43109.0,9.0,,,0,,,,
2018-01-10,43110.0,10.0,,,0,,,,
2018-01-11,43111.0,11.0,,,0,,,,
2018-01-12,43112.0,12.0,,,0,,,,
2018-01-13,43113.0,13.0,,,0,,,,
2018-01-14,43114.0,14.0,,,0,,,,
2018-01-15,43115.0,15.0,,,0,,,,
2018-01-16,43116.0,16.0,,,0,,,,
2018-01-17,43117.0,17.0,,,0,,,,
2018-01-18,43118.0,18.0,,,0,,,,
2018-01-19,43119.0,19.0,,,0,,,,
2018-01-20,43120.0,20.0,,,0,,,,
2018-01-21,43121.0,21.0,,,0,,,,
2018-01-22,43122.0,22.0,,,0,,,,
2018-01-23,43123.0,23.0,,,0,,,,
2018-01-24,43124.0,24.0,,,0,,,,
2018-01-25,43125.0,25.0,,,0,,,,
2018-01-26,43126.0,26.0,,,0,,,,
2018-01-27,43127.0,27.0,,,0,,,,
2018-01-28,43128.0,28.0,,,0,,,,
2018-01-29,43129.0,29.0,,,0,,,,
2018-01-30,43130.0,30.0,,,0,,,,
2018-01-31,43131.0,31.0,,,0,,,,
2018-02-01,43132.0,32.0,,,0,,,,
2018-02-02,43133.0,33.0,,,0,,,,
2018-02-03,43134.0,34.0,,,0,,,,
2018-02-04,43135.0,35.0,,,0,,,,
2018-02-05,43136.0,36.0,,,0,,,,
2018-02-06,43137.0,37.0,,,0,,,,
2018-02-07,43138.0,38.0,,,0,,,,
2018-02-08,43139.0,39.0,,,0,,,,
2018-02-09,43140.0,40.0,,,0,,,,
2018-02-10,43141.0,41.0,,,0,,,,
2018-02-11,43142.0,42.0,,,0,,,,
2018-02-12,43143.0,43.0,,,0,,,,
2018-02-13,43144.0,44.0,,,0,,,,
2018-02-14,43145.0,45.0,,,0,,,,
2018-02-15,43146.0,46.0,,,0,,,,
2018-02-16,43147.0,47.0,,,0,,,,
2018-02-17,43148.0,48.0,,,0,,,,
2018-02-18,43149.0,49.0,,,0,,,,
2018-02-19,43150.0,50.0,,,0,,,,
2018-02-20,43151.0,51.0,,,0,,,,
2018-02-21,43152.0,52.0,,,0,,,,
2018-02-22,43153.0,53.0,,,0,,,,
2018-02-23,43154.0,54.0,,,0,,,,
2018-02-24,43155.0,55.0,,,0,,,,
2018-02-25,43156.0,56.0,,,0,,,,
2018-02-26,43157.0,57.0,,,0,,,,
2018-02-27,43158.0,58.0,,,0,,,,
2018-02-28,43159.0,59.0,,,0,,,,
2018-03-01,43160.0,60.0,,,0,,,,
2018-03-02,43161.0,61.0,,,0,,,,
2018-03-03,43162.0,62.0,,,0,,,,
2018-03-04,43163.0,63.0,,,0,,,,
2018-03-05,43164.0,64.0,,,0,,,,
2018-03-06,43165.0,65.0,,,0,,,,
2018-03-07,43166.0,66.0,,,0,,,,
2018-03-08,43167.0,67.0,,,0,,,,
2018-03-09,43168.0,68.0,,,0,,,,
2018-03-10,43169.0,69.0,,,0,,,,
2018-03-11,43170.0,70.0,,,0,,,,
2018-03-12,43171.0,71.0,,,0,,,,
2018-03-13,43172.0,72.0,,,0,,,,
2018-03-14,43173.0,73.0,,,0,,,,
2018-03-15,43174.0,74.0,,,0,,,,
2018-03-16,43175.0,75.0,,,0,,,,
2018-03-17,43176.0,76.0,,,0,,,,
2018-03-18,43177.0,77.0,,,0,,,,
2018-03-19,43178.0,78.0,,,0,,,,
2018-03-20,43179.0,79.0,,,0,,,,
2018-03-21,43180.0,80.0,,,0,,,,
2018-03-22,43181.0,81.0,,,0,,,,
2018-03-23,43182.0,82.0,,,0,,,,
2018-03-24,43183.0,83.0,,,0,,,,
2018-03-25,43184.0,84.0,,,0,,,,
2018-03-26,43185.0,85.0,,,0,,,,
2018-03-27,43186.0,86.0,,,0,,,,
2018-03-28,43187.0,87.0,,,0,,,,
2018-03-29,43188.0,88.0,,,0,,,,
2018-03-30,43189.0,89.0,,,0,,,,
2018-03-31,43190.0,90.0,,,0,,,,
2018-04-01,43191.0,91.0,,,0,,,,
2018-04-02,43192.0,92.0,,,0,,,,
2018-04-03,43193.0,93.0,,,0,,,,
2018-04-04,43194.0,94.0,,,0,,,,
2018-04-05,43195.0,95.0,,,0,,,,
2018-04-06,43196.0,96.0,,,0,,,,
2018-04-07,43197.0,97.0,,,0,,,,
2018-04-08,43198.0,98.0,,,0,,,,
2018-04-09,43199.0,99.0,,,0,,,,
2018-04-10,43200.0,100.0,,,0,,,,
2018-04-11,43201.0,101.0,,,0,,,,
2018-04-12,43202.0,102.0,,,0,,,,
2018-04-13,43203.0,103.0,,,0,,,,
2018-04-14,43204.0,104.0,,,0,,,,
2018-04-15,43205.0,105.0,,,0,,,,
2018-04-16,43206.0,106.0,,,0,,,,
2018-04-17,43207.0,107.0,,,0,,,,
2018-04-18,43208.0,108.0,,,0,,,,
2018-04-19,43209.0,109.0,,,0,,,,
2018-04-20,43210.0,110.0,,,0,,,,
2018-04-21,43211.0,111.0,,,0,,,,
2018-04-22,43212.0,112.0,,,0,,,,
2018-04-23,43213.0,113.0,,,0,,,,
2018-04-24,43214.0,114.0,,,0,,,,
2018-04-25,43215.0,115.0,,,0,,,,
2018-04-26,43216.0,116.0,,,0,,,,
2018-04-27,43217.0,117.0,,,0,,,,
2018-04-28,43218.0,118.0,,,0,,,,
2018-04-29,43219.0,119.0,,,0,,,,
2018-04-30,43220.0,120.0,,,0,,,,
2018-05-01,43221.0,121.0,,,0,,,,
2018-05-02,43222.0,122.0,,,0,,,,
2018-05-03,43223.0,123.0,,,0,,,,
2018-05-04,43224.0,124.0,,,0,,,,
2018-05-05,43225.0,125.0,,,0,,,,
2018-05-06,43226.0,126.0,,,0,,,,
2018-05-07,43227.0,127.0,,,0,,,,
2018-05-08,43228.0,128.0,,,0,,,,
2018-05-09,43229.0,129.0,,,0,,,,
2018-05-10,43230.0,130.0,,,0,,,,
2018-05-11,43231.0,131.0,,,0,,,,
2018-05-12,43232.0,132.0,,,0,,,,
2018-05-13,43233.0,133.0,,,0,,,,
2018-05-14,43234.0,134.0,,,0,,,,
2018-05-15,43235.0,135.0,,,0,,,,
2018-05-16,43236.0,136.0,,,0,,,,
2018-05-17,43237.0,137.0,,,0,,,,
2018-05-18,43238.0,138.0,,,0,,,,
2018-05-19,43239.0,139.0,,,0,,,,
2018-05-20,43240.0,140.0,,,0,,,,
2018-05-21,43241.0,141.0,,,0,,,,
2018-05-22,43242.0,142.0,,,0,,,,
2018-05-23,43243.0,143.0,,,0,,,,
2018-05-24,43244.0,144.0,,,0,,,,
2018-05-25,43245.0,145.0,,,0,,,,
2018-05-26,43246.0,146.0,,,0,,,,
2018-05-27,43247.0,147.0,,,0,,,,
2018-05-28,43248.0,148.0,,,0,,,,
2018-05-29,43249.0,149.0,,,0,,,,
2018-05-30,43250.0,150.0,,,0,,,,
2018-05-31,43251.0,151.0,,,0,,,,
2018-06-01,43252.0,152.0,,,0,,,,
2018-06-02,43253.0,153.0,,,0,,,,
2018-06-03,43254.0,154.0,,,0,,,,
2018-06-04,43255.0,155.0,,,0,,,,
2018-06-05,43256.0,156.0,,,0,,,,
2018-06-06,43257.0,157.0,,,0,,,,
2018-06-07,43258.0,158.0,,,0,,,,
2018-06-08,43259.0,159.0,,,0,,,,
2018-06-09,43260.0,160.0,,,0,,,,
2018-06-10,43261.0,161.0,,,0,,,,
2018-06-11,43262.0,162.0,,,0,,,,
2018-06-12,43263.0,163.0,,,0,,,,
2018-06-13,43264.0,164.0,,,0,,,,
2018-06-14,43265.0,165.0,,,0,,,,
2018-06-15,43266.0,166.0,,,0,,,,
2018-06-16,43267.0,167.0,,,0,,,,
2018-06-17,43268.0,168.0,,,0,,,,
2018-06-18,43269.0,169.0,,,0,,,,
2018-06-19,43270.0,170.0,,,0,,,,
2018-06-20,43271.0,171.0,,,0,,,,
2018-06-21,43272.0,172.0,,,0,,,,
2018-06-22,43273.0,173.0,,,0,,,,
2018-06-23,43274.0,174.0,,,0,,,,
2018-06-24,43275.0,175.0,,,0,,,,
2018-06-25,43276.0,176.0,,,0,,,,
2018-06-26,43277.0,177.0,,,0,,,,
2018-06-27,43278.0,178.0,,,0,,,,
2018-06-28,43279.0,179.0,,,0,,,,
2018-06-29,43280.0,180.0,,,0,,,,
2018-06-30,43281.0,181.0,,,0,,,,
2018-07-01,43282.0,182.0,,,0,,,,
2018-07-02,43283.0,183.0,,,0,,,,
2018-07-03,43284.0,184.0,,,0,,,,
2018-07-04,43285.0,185.0,,,0,,,,
2018-07-05,43286.0,186.0,,,0,,,,
2018-07-06,43287.0,187.0,,,0,,,,
2018-07-07,43288.0,188.0,,,0,,,,
2018-07-08,43289.0,189.0,,,0,,,,
2018-07-09,43290.0,190.0,,,0,,,,
2018-07-10,43291.0,191.0,,,0,,,,
2018-07-11,43292.0,192.0,,,0,,,,
2018-07-12,43293.0,193.0,,,0,,,,
2018-07-13,43294.0,194.0,,,0,,,,
2018-07-14,43295.0,195.0,,,0,,,,
2018-07-15,43296.0,196.0,,,0,,,,
2018-07-16,43297.0,197.0,,,0,,,,
2018-07-17,43298.0,198.0,,,0,,,,
2018-07-18,43299.0,199.0,,,0,,,,
2018-07-19,43300.0,200.0,,,0,,,,
2018-07-20,43301.0,201.0,,,0,,,,
2018-07-21,43302.0,202.0,,,0,,,,
2018-07-22,43303.0,203.0,,,0,,,,
2018-07-23,43304.0,204.0,,,0,,,,
2018-07-24,43305.0,205.0,,,0,,,,
2018-07-25,43306.0,206.0,,,0,,,,
2018-07-26,43307.0,207.0,,,0,,,,
2018-07-27,43308.0,208.0,,,0,,,,
2018-07-28,43309.0,209.0,,,0,,,,
2018-07-29,43310.0,210.0,,,0,,,,
2018-07-30,43311.0,211.0,,,0,,,,
2018-07-31,43312.0,212.0,,,0,,,,
2018-08-01,43313.0,213.0,,,0,,,,
2018-08-02,43314.0,214.0,,,0,,,,
2018-08-03,43315.0,215.0,,,0,,,,
2018-08-04,43316.0,216.0,,,0,,,,
2018-08-05,43317.0,217.0,,,0,,,,
2018-08-06,43318.0,218.0,,,0,,,,
2018-08-07,43319.0,219.0,,,0,,,,
2018-08-08,43320.0,220.0,,,0,,,,
2018-08-09,43321.0,221.0,,,0,,,,
2018-08-10,43322.0,222.0,,,0,,,,
2018-08-11,43323.0,223.0,,,0,,,,
2018-08-12,43324.0,224.0,,,0,,,,
2018-08-13,43325.0,225.0,,,0,,,,
2018-08-14,43326.0,226.0,,,0,,,,
2018-08-15,43327.0,227.0,,,0,,,,
2018-08-16,43328.0,228.0,,,0,,,,
2018-08-17,43329.0,229.0,,,0,,,,
2018-08-18,43330.0,230.0,,,0,,,,
2018-08-19,43331.0,231.0,,,0,,,,
2018-08-20,43332.0,232.0,,,0,,,,
2018-08-21,43333.0,233.0,,,0,,,,
2018-08-22,43334.0,234.0,,,0,,,,
2018-08-23,43335.0,235.0,,,0,,,,
2018-08-24,43336.0,236.0,,,0,,,,
2018-08-25,43337.0,237.0,,,0,,,,
2018-08-26,43338.0,238.0,,,0,,,,
2018-08-27,43339.0,239.0,,,0,,,,
2018-08-28,43340.0,240.0,,,0,,,,
2018-08-29,43341.0,241.0,,,0,,,,
2018-08-30,43342.0,242.0,,,0,,,,
2018-08-31,43343.0,243.0,,,0,,,,
2018-09-01,43344.0,244.0,,,0,,,,
2018-09-02,43345.0,245.0,,,0,,,,
2018-09-03,43346.0,246.0,,,0,,,,
2018-09-04,43347.0,247.0,,,0,,,,
2018-09-05,43348.0,248.0,,,0,,,,
2018-09-06,43349.0,249.0,,,0,,,,
2018-09-07,43350.0,250.0,,,0,,,,
2018-09-08,43351.0,251.0,,,0,,,,
2018-09-09,43352.0,252.0,,,0,,,,
2018-09-10,43353.0,253.0,,,0,,,,
2018-09-11,43354.0,254.0,,,0,,,,
2018-09-12,43355.0,255.0,,,0,,,,
2018-09-13,43356.0,256.0,,,0,,,,
2018-09-14,43357.0,257.0,,,0,,,,
2018-09-15,43358.0,258.0,,,0,,,,
2018-09-16,43359.0,259.0,,,0,,,,
2018-09-17,43360.0,260.0,,,0,,,,
2018-09-18,43361.0,261.0,,,0,,,,
2018-09-19,43362.0,262.0,,,0,,,,
2018-09-20,43363.0,263.0,,,0,,,,
2018-09-21,43364.0,264.0,,,0,,,,
2018-09-22,43365.0,265.0,,,0,,,,
2018-09-23,43366.0,266.0,,,0,,,,
2018-09-24,43367.0,267.0,,,0,,,,
2018-09-25,43368.0,268.0,,,0,,,,
2018-09-26,43369.0,269.0,,,0,,,,
2018-09-27,43370.0,270.0,,,0,,,,
2018-09-28,43371.0,271.0,,,0,,,,
2018-09-29,43372.0,272.0,,,0,,,,
2018-09-30,43373.0,273.0,,,0,,,,
2018-10-01,43374.0,274.0,,,0,,,,
2018-10-02,43375.0,275.0,,,0,,,,
2018-10-03,43376.0,276.0,,,0,,,,
2018-10-04,43377.0,277.0,,,0,,,,
2018-10-05,43378.0,278.0,,,0,,,,
2018-10-06,43379.0,279.0,,,0,,,,
2018-10-07,43380.0,280.0,,,0,,,,
2018-10-08,43381.0,281.0,,,0,,,,
2018-10-09,43382.0,282.0,,,0,,,,
2018-10-10,43383.0,283.0,,,0,,,,
2018-10-11,43384.0,284.0,,,0,,,,
2018-10-12,43385.0,285.0,,,0,,,,
2018-10-13,43386.0,286.0,,,0,,,,
2018-10-14,43387.0,287.0,,,0,,,,
2018-10-15,43388.0,288.0,,,0,,,,
2018-10-16,43389.0,289.0,,,0,,,,
2018-10-17,43390.0,290.0,,,0,,,,
2018-10-18,43391.0,291.0,,,0,,,,
2018-10-19,43392.0,292.0,,,0,,,,
2018-10-20,43393.0,293.0,,,0,,,,
2018-10-21,43394.0,294.0,,,0,,,,
2018-10-22,43395.0,295.0,,,0,,,,
2018-10-23,43396.0,296.0,,,0,,,,
2018-10-24,43397.0,297.0,,,0,,,,
2018-10-25,43398.0,298.0,,,0,,,,
2018-10-26,43399.0,299.0,,,0,,,,
2018-10-27,43400.0,300.0,,,0,,,,
2018-10-28,43401.0,301.0,,,0,,,,
2018-10-29,43402.0,302.0,,,0,,,,
2018-10-30,43403.0,303.0,,,0,,,,
2018-10-31,43404.0,304.0,,,0,,,,
2018-11-01,43405.0,305.0,,,0,,,,
2018-11-02,43406.0,306.0,,,0,,,,
2018-11-03,43407.0,307.0,,,0,,,,
2018-11-04,43408.0,308.0,,,0,,,,
2018-11-05,43409.0,309.0,,,0,,,,
2018-11-06,43410.0,310.0,,,0,,,,
2018-11-07,43411.0,311.0,,,0,,,,
2018-11-08,43412.0,312.0,,,0,,,,
2018-11-09,43413.0,313.0,,,0,,,,
2018-11-10,43414.0,314.0,,,0,,,,
2018-11-11,43415.0,315.0,,,0,,,,
2018-11-12,43416.0,316.0,,,0,,,,
2018-11-13,43417.0,317.0,,,0,,,,
2018-11-14,43418.0,318.0,,,0,,,,
2018-11-15,43419.0,319.0,,,0,,,,
2018-11-16,43420.0,320.0,,,0,,,,
2018-11-17,43421.0,321.0,,,0,,,,
2018-11-18,43422.0,322.0,,,0,,,,
2018-11-19,43423.0,323.0,,,0,,,,
2018-11-20,43424.0,324.0,,,0,,,,
2018-11-21,43425.0,325.0,,,0,,,,
2018-11-22,43426.0,326.0,,,0,,,,
2018-11-23,43427.0,327.0,,,0,,,,
2018-11-24,43428.0,328.0,,,0,,,,
2018-11-25,43429.0,329.0,,,0,,,,
2018-11-26,43430.0,330.0,,,0,,,,
2018-11-27,43431.0,331.0,,,0,,,,
2018-11-28,43432.0,332.0,,,0,,,,
2018-11-29,43433.0,333.0,,,0,,,,
2018-11-30,43434.0,334.0,,,0,,,,
2018-12-01,43435.0,335.0,,,0,,,,
2018-12-02,43436.0,336.0,,,0,,,,
2018-12-03,43437.0,337.0,,,0,,,,
2018-12-04,43438.0,338.0,,,0,,,,
2018-12-05,43439.0,339.0,,,0,,,,
2018-12-06,43440.0,340.0,,,0,,,,
2018-12-07,43441.0,341.0,,,0,,,,
2018-12-08,43442.0,342.0,,,0,,,,
2018-12-09,43443.0,343.0,,,0,,,,
2018-12-10,43444.0,344.0,,,0,,,,
2018-12-11,43445.0,345.0,,,0,,,,
2018-12-12,43446.0,346.0,,,0,,,,
2018-12-13,43447.0,347.0,,,0,,,,
2018-12-14,43448.0,348.0,,,0,,,,
2018-12-15,43449.0,349.0,,,0,,,,
2018-12-16,43450.0,350.0,,,0,,,,
2018-12-17,43451.0,351.0,,,0,,,,
2018-12-18,43452.0,352.0,,,0,,,,
2018-12-19,43453.0,353.0,,,0,,,,
2018-12-20,43454.0,354.0,,,0,,,,
2018-12-21,43455.0,355.0,,,0,,,,
2018-12-22,43456.0,356.0,,,0,,,,
2018-12-23,43457.0,357.0,,,0,,,,
2018-12-24,43458.0,358.0,,,0,,,,
2018-12-25,43459.0,359.0,,,0,,,,
2018-12-26,43460.0,360.0,,,0,,,,
2018-12-27,43461.0,361.0,,,0,,,,
2018-12-28,43462.0,362.0,,,0,,,,
2018-12-29,43463.0,363.0,,,0,,,,
2018-12-30,43464.0,364.0,,,0,,,,
2018-12-31,43465.0,365.0,,,0,,,,
2019-01-01,43466.0,1.0,,,0,,,,
2019-01-02,43467.0,2.0,,,0,,,,
2019-01-03,43468.0,3.0,,,0,,,,
2019-01-04,43469.0,4.0,,,0,,,,
2019-01-05,43470.0,5.0,,,0,,,,
2019-01-06,43471.0,6.0,,,0,,,,
2019-01-07,43472.0,7.0,,,0,,,,
2019-01-08,43473.0,8.0,,,0,,,,
2019-01-09,43474.0,9.0,,,0,,,,
2019-01-10,43475.0,10.0,,,0,,,,
2019-01-11,43476.0,11.0,,,0,,,,
2019-01-12,43477.0,12.0,,,0,,,,
2019-01-13,43478.0,13.0,,,0,,,,
2019-01-14,43479.0,14.0,,,0,,,,
2019-01-15,43480.0,15.0,,,0,,,,
2019-01-16,43481.0,16.0,,,0,,,,
2019-01-17,43482.0,17.0,,,0,,,,
2019-01-18,43483.0,18.0,,,0,,,,
2019-01-19,43484.0,19.0,,,0,,,,
2019-01-20,43485.0,20.0,,,0,,,,
2019-01-21,43486.0,21.0,,,0,,,,
2019-01-22,43487.0,22.0,,,0,,,,
2019-01-23,43488.0,23.0,,,0,,,,
2019-01-24,43489.0,24.0,,,0,,,,
2019-01-25,43490.0,25.0,,,0,,,,
2019-01-26,43491.0,26.0,,,0,,,,
2019-01-27,43492.0,27.0,,,0,,,,
2019-01-28,43493.0,28.0,,,0,,,,
2019-01-29,43494.0,29.0,,,0,,,,
2019-01-30,43495.0,30.0,,,0,,,,
2019-01-31,43496.0,31.0,,,0,,,,
2019-02-01,43497.0,32.0,,,0,,,,
2019-02-02,43498.0,33.0,,,0,,,,
2019-02-03,43499.0,34.0,,,0,,,,
2019-02-04,43500.0,35.0,,,0,,,,
2019-02-05,43501.0,36.0,,,0,,,,
2019-02-06,43502.0,37.0,,,0,,,,
2019-02-07,43503.0,38.0,,,0,,,,
2019-02-08,43504.0,39.0,,,0,,,,
2019-02-09,43505.0,40.0,,,0,,,,
2019-02-10,43506.0,41.0,,,0,,,,
2019-02-11,43507.0,42.0,,,0,,,,
2019-02-12,43508.0,43.0,,,0,,,,
2019-02-13,43509.0,44.0,,,0,,,,
2019-02-14,43510.0,45.0,,,0,,,,
2019-02-15,43511.0,46.0,,,0,,,,
2019-02-16,43512.0,47.0,,,0,,,,
2019-02-17,43513.0,48.0,,,0,,,,
2019-02-18,43514.0,49.0,,,0,,,,
2019-02-19,43515.0,50.0,,,0,,,,
2019-02-20,43516.0,51.0,,,0,,,,
2019-02-21,43517.0,52.0,,,0,,,,
2019-02-22,43518.0,53.0,,,0,,,,
2019-02-23,43519.0,54.0,,,0,,,,
2019-02-24,43520.0,55.0,,,0,,,,
2019-02-25,43521.0,56.0,,,0,,,,
2019-02-26,43522.0,57.0,,,0,,,,
2019-02-27,43523.0,58.0,,,0,,,,
2019-02-28,43524.0,59.0,,,0,,,,
2019-03-01,43525.0,60.0,,,0,,,,
2019-03-02,43526.0,61.0,,,0,,,,
2019-03-03,43527.0,62.0,,,0,,,,
2019-03-04,43528.0,63.0,,,0,,,,
2019-03-05,43529.0,64.0,,,0,,,,
2019-03-06,43530.0,65.0,,,0,,,,
2019-03-07,43531.0,66.0,,,0,,,,
2019-03-08,43532.0,67.0,,,0,,,,
2019-03-09,43533.0,68.0,,,0,,,,
2019-03-10,43534.0,69.0,,,0,,,,
2019-03-11,43535.0,70.0,,,0,,,,
2019-03-12,43536.0,71.0,,,0,,,,
2019-03-13,43537.0,72.0,,,0,,,,
2019-03-14,43538.0,73.0,,,0,,,,
2019-03-15,43539.0,74.0,,,0,,,,
2019-03-16,43540.0,75.0,,,0,,,,
2019-03-17,43541.0,76.0,,,0,,,,
2019-03-18,43542.0,77.0,,,0,,,,
2019-03-19,43543.0,78.0,,,0,,,,
2019-03-20,43544.0,79.0,,,0,,,,
2019-03-21,43545.0,80.0,,,0,,,,
2019-03-22,43546.0,81.0,,,0,,,,
2019-03-23,43547.0,82.0,,,0,,,,
2019-03-24,43548.0,83.0,,,0,,,,
2019-03-25,43549.0,84.0,,,0,,,,
2019-03-26,43550.0,85.0,,,0,,,,
2019-03-27,43551.0,86.0,,,0,,,,
2019-03-28,43552.0,87.0,,,0,,,,
2019-03-29,43553.0,88.0,,,0,,,,
2019-03-30,43554.0,89.0,,,0,,,,
2019-03-31,43555.0,90.0,,,0,,,,
2019-04-01,43556.0,91.0,,,0,,,,
2019-04-02,43557.0,92.0,,,0,,,,
2019-04-03,43558.0,93.0,,,0,,,,
2019-04-04,43559.0,94.0,,,0,,,,
2019-04-05,43560.0,95.0,,,0,,,,
2019-04-06,43561.0,96.0,,,0,,,,
2019-04-07,43562.0,97.0,,,0,,,,
2019-04-08,43563.0,98.0,,,0,,,,
2019-04-09,43564.0,99.0,,,0,,,,
2019-04-10,43565.0,100.0,,,0,,,,
2019-04-11,43566.0,101.0,,,0,,,,
2019-04-12,43567.0,102.0,,,0,,,,
2019-04-13,43568.0,103.0,,,0,,,,
2019-04-14,43569.0,104.0,,,0,,,,
2019-04-15,43570.0,105.0,,,0,,,,
2019-04-16,43571.0,106.0,,,0,,,,
2019-04-17,43572.0,107.0,,,0,,,,
2019-04-18,43573.0,108.0,,,0,,,,
2019-04-19,43574.0,109.0,,,0,,,,
2019-04-20,43575.0,110.0,,,0,,,,
2019-04-21,43576.0,111.0,,,0,,,,
2019-04-22,43577.0,112.0,,,0,,,,
2019-04-23,43578.0,113.0,,,0,,,,
2019-04-24,43579.0,114.0,,,0,,,,
2019-04-25,43580.0,115.0,,,0,,,,
2019-04-26,43581.0,116.0,,,0,,,,
2019-04-27,43582.0,117.0,,,0,,,,
2019-04-28,43583.0,118.0,,,0,,,,
2019-04-29,43584.0,119.0,,,0,,,,
2019-04-30,43585.0,120.0,,,0,,,,
2019-05-01,43586.0,121.0,,,0,,,,
2019-05-02,43587.0,122.0,,,0,,,,
2019-05-03,43588.0,123.0,,,0,,,,
2019-05-04,43589.0,124.0,,,0,,,,
2019-05-05,43590.0,125.0,,,0,,,,
2019-05-06,43591.0,126.0,,,0,,,,
2019-05-07,43592.0,127.0,,,0,,,,
2019-05-08,43593.0,128.0,,,0,,,,
2019-05-09,43594.0,129.0,,,0,,,,
2019-05-10,43595.0,130.0,,,0,,,,
2019-05-11,43596.0,131.0,,,0,,,,
2019-05-12,43597.0,132.0,,,0,,,,
2019-05-13,43598.0,133.0,,,0,,,,
2019-05-14,43599.0,134.0,,,0,,,,
2019-05-15,43600.0,135.0,,,0,,,,
2019-05-16,43601.0,136.0,,,0,,,,
2019-05-17,43602.0,137.0,,,0,,,,
2019-05-18,43603.0,138.0,,,0,,,,
2019-05-19,43604.0,139.0,,,0,,,,
2019-05-20,43605.0,140.0,,,0,,,,
2019-05-21,43606.0,141.0,,,0,,,,
2019-05-22,43607.0,142.0,,,0,,,,
2019-05-23,43608.0,143.0,,,0,,,,
2019-05-24,43609.0,144.0,,,0,,,,
2019-05-25,43610.0,145.0,,,0,,,,
2019-05-26,43611.0,146.0,,,0,,,,
2019-05-27,43612.0,147.0,,,0,,,,
2019-05-28,43613.0,148.0,,,0,,,,
2019-05-29,43614.0,149.0,,,0,,,,
2019-05-30,43615.0,150.0,,,0,,,,
2019-05-31,43616.0,151.0,,,0,,,,
2019-06-01,43617.0,152.0,,,0,,,,
2019-06-02,43618.0,153.0,,,0,,,,
2019-06-03,43619.0,154.0,,,0,,,,
2019-06-04,43620.0,155.0,,,0,,,,
2019-06-05,43621.0,156.0,,,0,,,,
2019-06-06,43622.0,157.0,,,0,,,,
2019-06-07,43623.0,158.0,,,0,,,,
2019-06-08,43624.0,159.0,,,0,,,,
2019-06-09,43625.0,160.0,,,0,,,,
2019-06-10,43626.0,161.0,,,0,,,,
2019-06-11,43627.0,162.0,,,0,,,,
2019-06-12,43628.0,163.0,,,0,,,,
2019-06-13,43629.0,164.0,,,0,,,,
2019-06-14,43630.0,165.0,,,0,,,,
2019-06-15,43631.0,166.0,,,0,,,,
2019-06-16,43632.0,167.0,,,0,,,,
2019-06-17,43633.0,168.0,,,0,,,,
2019-06-18,43634.0,169.0,,,0,,,,
2019-06-19,43635.0,170.0,,,0,,,,
2019-06-20,43636.0,171.0,,,0,,,,
2019-06-21,43637.0,172.0,,,0,,,,
2019-06-22,43638.0,173.0,,,0,,,,
2019-06-23,43639.0,174.0,,,0,,,,
2019-06-24,43640.0,175.0,,,0,,,,
2019-06-25,43641.0,176.0,,,0,,,,
2019-06-26,43642.0,177.0,,,0,,,,
2019-06-27,43643.0,178.0,,,0,,,,
2019-06-28,43644.0,179.0,,,0,,,,
2019-06-29,43645.0,180.0,,,0,,,,
2019-06-30,43646.0,181.0,,,0,,,,
2019-07-01,43647.0,182.0,,,0,,,,
2019-07-02,43648.0,183.0,,,0,,,,
2019-07-03,43649.0,184.0,,,0,,,,
2019-07-04,43650.0,185.0,,,0,,,,
2019-07-05,43651.0,186.0,,,0,,,,
2019-07-06,43652.0,187.0,,,0,,,,
2019-07-07,43653.0,188.0,,,0,,,,
2019-07-08,43654.0,189.0,,,0,,,,
2019-07-09,43655.0,190.0,,,0,,,,
2019-07-10,43656.0,191.0,,,0,,,,
2019-07-11,43657.0,192.0,,,0,,,,
2019-07-12,43658.0,193.0,,,0,,,,
2019-07-13,43659.0,194.0,,,0,,,,
2019-07-14,43660.0,195.0,,,0,,,,
2019-07-15,43661.0,196.0,,,0,,,,
2019-07-16,43662.0,197.0,,,0,,,,
2019-07-17,43663.0,198.0,,,0,,,,
2019-07-18,43664.0,199.0,,,0,,,,
2019-07-19,43665.0,200.0,,,0,,,,
2019-07-20,43666.0,201.0,,,0,,,,
2019-07-21,43667.0,202.0,,,0,,,,
2019-07-22,43668.0,203.0,,,0,,,,
2019-07-23,43669.0,204.0,,,0,,,,
2019-07-24,43670.0,205.0,,,0,,,,
2019-07-25,43671.0,206.0,,,0,,,,
2019-07-26,43672.0,207.0,,,0,,,,
2019-07-27,43673.0,208.0,,,0,,,,
2019-07-28,43674.0,209.0,,,0,,,,
2019-07-29,43675.0,210.0,,,0,,,,
2019-07-30,43676.0,211.0,,,0,,,,
2019-07-31,43677.0,212.0,,,0,,,,
2019-08-01,43678.0,213.0,,,0,,,,
2019-08-02,43679.0,214.0,,,0,,,,
2019-08-03,43680.0,215.0,,,0,,,,
2019-08-04,43681.0,216.0,,,0,,,,
2019-08-05,43682.0,217.0,,,0,,,,
2019-08-06,43683.0,218.0,,,0,,,,
2019-08-07,43684.0,219.0,,,0,,,,
2019-08-08,43685.0,220.0,,,0,,,,
2019-08-09,43686.0,221.0,,,0,,,,
2019-08-10,43687.0,222.0,,,0,,,,
2019-08-11,43688.0,223.0,,,0,,,,
2019-08-12,43689.0,224.0,,,0,,,,
2019-08-13,43690.0,225.0,,,0,,,,
2019-08-14,43691.0,226.0,,,0,,,,
2019-08-15,43692.0,227.0,,,0,,,,
2019-08-16,43693.0,228.0,,,0,,,,
2019-08-17,43694.0,229.0,,,0,,,,
2019-08-18,43695.0,230.0,,,0,,,,
2019-08-19,43696.0,231.0,,,0,,,,
2019-08-20,43697.0,232.0,,,0,,,,
2019-08-21,43698.0,233.0,,,0,,,,
2019-08-22,43699.0,234.0,,,0,,,,
2019-08-23,43700.0,235.0,,,0,,,,
2019-08-24,43701.0,236.0,,,0,,,,
2019-08-25,43702.0,237.0,,,0,,,,
2019-08-26,43703.0,238.0,,,0,,,,
2019-08-27,43704.0,239.0,,,0,,,,
2019-08-28,43705.0,240.0,,,0,,,,
2019-08-29,43706.0,241.0,,,0,,,,
2019-08-30,43707.0,242.0,,,0,,,,
2019-08-31,43708.0,243.0,,,0,,,,
2019-09-01,43709.0,244.0,,,0,,,,
2019-09-02,43710.0,245.0,,,0,,,,
2019-09-03,43711.0,246.0,,,0,,,,
2019-09-04,43712.0,247.0,,,0,,,,
2019-09-05,43713.0,248.0,,,0,,,,
2019-09-06,43714.0,249.0,,,0,,,,
2019-09-07,43715.0,250.0,,,0,,,,
2019-09-08,43716.0,251.0,,,0,,,,
2019-09-09,43717.0,252.0,,,0,,,,
2019-09-10,43718.0,253.0,,,0,,,,
2019-09-11,43719.0,254.0,,,0,,,,
2019-09-12,43720.0,255.0,,,0,,,,
2019-09-13,43721.0,256.0,,,0,,,,
2019-09-14,43722.0,257.0,,,0,,,,
2019-09-15,43723.0,258.0,,,0,,,,
2019-09-16,43724.0,259.0,,,0,,,,
2019-09-17,43725.0,260.0,,,0,,,,
2019-09-18,43726.0,261.0,,,0,,,,
2019-09-19,43727.0,262.0,,,0,,,,
2019-09-20,43728.0,263.0,,,0,,,,
2019-09-21,43729.0,264.0,,,0,,,,
2019-09-22,43730.0,265.0,,,0,,,,
2019-09-23,43731.0,266.0,,,0,,,,
2019-09-24,43732.0,267.0,,,0,,,,
2019-09-25,43733.0,268.0,,,0,,,,
2019-09-26,43734.0,269.0,,,0,,,,
2019-09-27,43735.0,270.0,,,0,,,,
2019-09-28,43736.0,271.0,,,0,,,,
2019-09-29,43737.0,272.0,,,0,,,,
2019-09-30,43738.0,273.0,,,0,,,,
2019-10-01,43739.0,274.0,,,0,,,,
2019-10-02,43740.0,275.0,,,0,,,,
2019-10-03,43741.0,276.0,,,0,,,,
2019-10-04,43742.0,277.0,,,0,,,,
2019-10-05,43743.0,278.0,,,0,,,,
2019-10-06,43744.0,279.0,,,0,,,,
2019-10-07,43745.0,280.0,,,0,,,,
2019-10-08,43746.0,281.0,,,0,,,,
2019-10-09,43747.0,282.0,,,0,,,,
2019-10-10,43748.0,283.0,,,0,,,,
2019-10-11,43749.0,284.0,,,0,,,,
2019-10-12,43750.0,285.0,,,0,,,,
2019-10-13,43751.0,286.0,,,0,,,,
2019-10-14,43752.0,287.0,,,0,,,,
2019-10-15,43753.0,288.0,,,0,,,,
2019-10-16,43754.0,289.0,,,0,,,,
2019-10-17,43755.0,290.0,,,0,,,,
2019-10-18,43756.0,291.0,,,0,,,,
2019-10-19,43757.0,292.0,,,0,,,,
2019-10-20,43758.0,293.0,,,0,,,,
2019-10-21,43759.0,294.0,,,0,,,,
2019-10-22,43760.0,295.0,,,0,,,,
2019-10-23,43761.0,296.0,,,0,,,,
2019-10-24,43762.0,297.0,,,0,,,,
2019-10-25,43763.0,298.0,,,0,,,,
2019-10-26,43764.0,299.0,,,0,,,,
2019-10-27,43765.0,300.0,,,0,,,,
2019-10-28,43766.0,301.0,,,0,,,,
2019-10-29,43767.0,302.0,,,0,,,,
2019-10-30,43768.0,303.0,,,0,,,,
2019-10-31,43769.0,304.0,,,0,,,,
2019-11-01,43770.0,305.0,,,0,,,,
2019-11-02,43771.0,306.0,,,0,,,,
2019-11-03,43772.0,307.0,,,0,,,,
2019-11-04,43773.0,308.0,,,0,,,,
2019-11-05,43774.0,309.0,,,0,,,,
2019-11-06,43775.0,310.0,,,0,,,,
2019-11-07,43776.0,311.0,,,0,,,,
2019-11-08,43777.0,312.0,,,0,,,,
2019-11-09,43778.0,313.0,,,0,,,,
2019-11-10,43779.0,314.0,,,0,,,,
2019-11-11,43780.0,315.0,,,0,,,,
2019-11-12,43781.0,316.0,,,0,,,,
2019-11-13,43782.0,317.0,,,0,,,,
2019-11-14,43783.0,318.0,,,0,,,,
2019-11-15,43784.0,319.0,,,0,,,,
2019-11-16,43785.0,320.0,,,0,,,,
2019-11-17,43786.0,321.0,,,0,,,,
2019-11-18,43787.0,322.0,,,0,,,,
2019-11-19,43788.0,323.0,,,0,,,,
2019-11-20,43789.0,324.0,,,0,,,,
2019-11-21,43790.0,325.0,,,0,,,,
2019-11-22,43791.0,326.0,,,0,,,,
2019-11-23,43792.0,327.0,,,0,,,,
2019-11-24,43793.0,328.0,,,0,,,,
2019-11-25,43794.0,329.0,,,0,,,,
2019-11-26,43795.0,330.0,,,0,,,,
2019-11-27,43796.0,331.0,,,0,,,,
2019-11-28,43797.0,332.0,,,0,,,,
2019-11-29,43798.0,333.0,,,0,,,,
2019-11-30,43799.0,334.0,,,0,,,,
2019-12-01,43800.0,335.0,,,0,,,,
2019-12-02,43801.0,336.0,,,0,,,,
2019-12-03,43802.0,337.0,,,0,,,,
2019-12-04,43803.0,338.0,,,0,,,,
2019-12-05,43804.0,339.0,,,0,,,,
2019-12-06,43805.0,340.0,,,0,,,,
2019-12-07,43806.0,341.0,,,0,,,,
2019-12-08,43807.0,342.0,,,0,,,,
2019-12-09,43808.0,343.0,,,0,,,,
2019-12-10,43809.0,344.0,,,0,,,,
2019-12-11,43810.0,345.0,,,0,,,,
2019-12-12,43811.0,346.0,,,0,,,,
2019-12-13,43812.0,347.0,,,0,,,,
2019-12-14,43813.0,348.0,,,0,,,,
2019-12-15,43814.0,349.0,,,0,,,,
2019-12-16,43815.0,350.0,,,0,,,,
2019-12-17,43816.0,351.0,,,0,,,,
2019-12-18,43817.0,352.0,,,0,,,,
2019-12-19,43818.0,353.0,,,0,,,,
2019-12-20,43819.0,354.0,,,0,,,,
2019-12-21,43820.0,355.0,,,0,,,,
2019-12-22,43821.0,356.0,,,0,,,,
2019-12-23,43822.0,357.0,,,0,,,,
2019-12-24,43823.0,358.0,,,0,,,,
2019-12-25,43824.0,359.0,,,0,,,,
2019-12-26,43825.0,360.0,,,0,,,,
2019-12-27,43826.0,361.0,,,0,,,,
2019-12-28,43827.0,362.0,,,0,,,,
2019-12-29,43828.0,363.0,,,0,,,,
2019-12-30,43829.0,364.0,,,0,,,,
2019-12-31,43830.0,365.0,,,0,,,,
2020-11-10,,,0.3956,,1,,,,
2020-11-11,,,0.3840833333333333,,1,,,,
2020-11-12,,,0.3722916666666667,,1,,,,
2020-11-13,,,0.360125,,1,,,,
2020-11-14,,,0.3513,,1,,,,
2020-11-20,,,0.41,,1,,,,
2020-11-21,,,0.3957777777777778,,1,,,,
2020-11-22,,,0.3737272727272727,,1,,,,
2020-11-23,,,0.3675882352941176,,1,,,,
2020-11-24,,,0.3594,,1,,,,
2020-11-25,,,0.4021363636363636,,1,,,,
2020-11-26,,,0.387375,,1,,,,
2020-12-15,,,0.3371111111111111,,1,,,,
2020-12-16,,,0.333,,1,,,,
