time,Excel_day,DoY,sm,ts,sm_count
2020-01-01,43831.0,1.0,0.2631739130434782,,1
2020-01-02,43832.0,2.0,0.2564583333333333,,1
2020-01-03,43833.0,3.0,0.251,,1
2020-01-04,43834.0,4.0,0.2514090909090909,,1
2020-01-05,43835.0,5.0,0.2478333333333333,,1
2020-01-06,43836.0,6.0,0.2433333333333333,,1
2020-01-07,43837.0,7.0,0.2451,,1
2020-01-08,43838.0,8.0,0.3430833333333333,,1
2020-01-09,43839.0,9.0,0.3270909090909091,,1
2020-01-10,43840.0,10.0,0.373,,1
2020-01-11,43841.0,11.0,0.3280416666666667,,1
2020-01-12,43842.0,12.0,0.3662499999999999,,1
2020-01-13,43843.0,13.0,0.3545416666666667,,1
2020-01-14,43844.0,14.0,0.330125,,1
2020-01-15,43845.0,15.0,0.31875,,1
2020-01-16,43846.0,16.0,0.3124583333333333,,1
2020-01-17,43847.0,17.0,0.309125,,1
2020-01-18,43848.0,18.0,0.3300588235294117,,1
2020-01-19,43849.0,19.0,0.3636363636363636,,1
2020-01-20,43850.0,20.0,0.34125,,1
2020-01-21,43851.0,21.0,0.328875,,1
2020-01-22,43852.0,22.0,0.319625,,1
2020-01-23,43853.0,23.0,0.309875,,1
2020-01-24,43854.0,24.0,0.3050416666666666,,1
2020-01-25,43855.0,25.0,0.3015416666666666,,1
2020-01-26,43856.0,26.0,0.2987916666666666,,1
2020-01-27,43857.0,27.0,0.2956666666666667,,1
2020-01-28,43858.0,28.0,0.2931666666666666,,1
2020-01-29,43859.0,29.0,0.2895416666666666,,1
2020-01-30,43860.0,30.0,0.286375,,1
2020-01-31,43861.0,31.0,0.2829583333333333,,1
2020-02-01,43862.0,32.0,0.2795,,1
2020-02-02,43863.0,33.0,0.2762083333333333,,1
2020-02-03,43864.0,34.0,0.2722083333333333,,1
2020-02-04,43865.0,35.0,0.2715,,1
2020-02-05,43866.0,36.0,0.268625,,1
2020-02-06,43867.0,37.0,0.265125,,1
2020-02-07,43868.0,38.0,0.2928333333333333,,1
2020-02-08,43869.0,39.0,0.3106666666666666,,1
2020-02-09,43870.0,40.0,0.3022083333333333,,1
2020-02-10,43871.0,41.0,0.2956,,1
2020-02-11,43872.0,42.0,0.357,,1
2020-02-12,43873.0,43.0,0.333875,,1
2020-02-13,43874.0,44.0,0.320625,,1
2020-02-14,43875.0,45.0,0.3120416666666666,,1
2020-02-15,43876.0,46.0,0.3090416666666666,,1
2020-02-16,43877.0,47.0,0.3051666666666666,,1
2020-02-17,43878.0,48.0,0.3015,,1
2020-02-18,43879.0,49.0,0.3007894736842105,,1
2020-02-19,43880.0,50.0,0.3148571428571428,,1
2020-02-20,43881.0,51.0,0.3037083333333333,,1
2020-02-21,43882.0,52.0,0.2988333333333333,,1
2020-02-22,43883.0,53.0,0.2945416666666666,,1
2020-02-23,43884.0,54.0,0.2900416666666666,,1
2020-02-24,43885.0,55.0,0.2855,,1
2020-02-25,43886.0,56.0,0.279125,,1
2020-02-26,43887.0,57.0,0.2730833333333333,,1
2020-02-27,43888.0,58.0,0.2682916666666666,,1
2020-02-28,43889.0,59.0,0.2807222222222222,,1
2020-02-29,43890.0,60.0,0.3391666666666666,,1
2020-03-01,43891.0,61.0,0.3311666666666666,,1
2020-03-02,43892.0,62.0,0.3520416666666666,,1
2020-03-03,43893.0,63.0,0.3187916666666666,,1
2020-03-04,43894.0,64.0,0.3089166666666667,,1
2020-03-05,43895.0,65.0,0.303875,,1
2020-03-06,43896.0,66.0,0.299875,,1
2020-03-07,43897.0,67.0,0.3003636363636363,,1
2020-03-08,43898.0,68.0,0.2979583333333333,,1
2020-03-09,43899.0,69.0,0.293875,,1
2020-03-10,43900.0,70.0,0.2981666666666667,,1
2020-03-11,43901.0,71.0,0.3174210526315789,,1
2020-03-12,43902.0,72.0,0.3475499999999999,,1
2020-03-13,43903.0,73.0,0.329375,,1
2020-03-14,43904.0,74.0,0.3174166666666667,,1
2020-03-15,43905.0,75.0,0.311375,,1
2020-03-16,43906.0,76.0,0.3448695652173913,,1
2020-03-17,43907.0,77.0,0.3324583333333333,,1
2020-03-18,43908.0,78.0,0.37325,,1
2020-03-19,43909.0,79.0,0.336875,,1
2020-03-20,43910.0,80.0,0.3280869565217391,,1
2020-03-21,43911.0,81.0,0.325125,,1
2020-03-22,43912.0,82.0,0.32,,1
2020-03-23,43913.0,83.0,0.3169130434782609,,1
2020-03-24,43914.0,84.0,0.3163181818181818,,1
2020-03-25,43915.0,85.0,0.3123333333333333,,1
2020-03-26,43916.0,86.0,0.3099583333333333,,1
2020-03-27,43917.0,87.0,0.307625,,1
2020-03-28,43918.0,88.0,0.304375,,1
2020-03-29,43919.0,89.0,0.3027826086956521,,1
2020-03-30,43920.0,90.0,0.2997916666666666,,1
2020-03-31,43921.0,91.0,0.2989583333333333,,1
2020-04-01,43922.0,92.0,0.2982083333333333,,1
2020-04-02,43923.0,93.0,0.2967391304347825,,1
2020-04-03,43924.0,94.0,0.2920416666666666,,1
2020-04-04,43925.0,95.0,0.286875,,1
2020-04-05,43926.0,96.0,0.2832499999999999,,1
2020-04-06,43927.0,97.0,0.2828260869565217,,1
2020-04-07,43928.0,98.0,0.279875,,1
2020-04-08,43929.0,99.0,0.2746666666666666,,1
2020-04-09,43930.0,100.0,0.2704583333333333,,1
2020-04-10,43931.0,101.0,0.266625,,1
2020-04-11,43932.0,102.0,0.26225,,1
2020-04-12,43933.0,103.0,0.25875,,1
2020-04-13,43934.0,104.0,0.256375,,1
2020-04-14,43935.0,105.0,0.2557916666666667,,1
2020-04-15,43936.0,106.0,0.2552916666666666,,1
2020-04-16,43937.0,107.0,0.254625,,1
2020-04-17,43938.0,108.0,0.2552999999999999,,1
2020-04-18,43939.0,109.0,0.2534583333333333,,1
2020-04-19,43940.0,110.0,0.2507083333333333,,1
2020-04-20,43941.0,111.0,0.2478749999999999,,1
2020-04-21,43942.0,112.0,0.2440416666666666,,1
2020-04-22,43943.0,113.0,0.2414999999999999,,1
2020-04-23,43944.0,114.0,0.2390416666666666,,1
2020-04-24,43945.0,115.0,0.23725,,1
2020-04-25,43946.0,116.0,0.2356666666666666,,1
2020-04-26,43947.0,117.0,0.2340833333333333,,1
2020-04-27,43948.0,118.0,0.2334583333333333,,1
2020-04-28,43949.0,119.0,0.233,,1
2020-04-29,43950.0,120.0,0.2322173913043478,,1
2020-04-30,43951.0,121.0,0.2301666666666666,,1
2020-05-01,43952.0,122.0,0.2286666666666666,,1
2020-05-02,43953.0,123.0,0.2267391304347826,,1
2020-05-03,43954.0,124.0,0.2253333333333333,,1
2020-05-04,43955.0,125.0,0.2253,,1
2020-05-05,43956.0,126.0,0.2240833333333333,,1
2020-05-06,43957.0,127.0,0.2233333333333333,,1
2020-05-07,43958.0,128.0,0.2225652173913043,,1
2020-05-08,43959.0,129.0,0.221875,,1
2020-05-09,43960.0,130.0,0.2220454545454545,,1
2020-05-10,43961.0,131.0,0.2230869565217391,,1
2020-05-11,43962.0,132.0,0.2228260869565217,,1
2020-05-12,43963.0,133.0,0.2233181818181818,,1
2020-05-13,43964.0,134.0,0.2233333333333333,,1
2020-05-14,43965.0,135.0,0.2231904761904762,,1
2020-05-15,43966.0,136.0,0.2241818181818182,,1
2020-05-16,43967.0,137.0,0.2235,,1
2020-05-17,43968.0,138.0,0.2227083333333333,,1
2020-05-18,43969.0,139.0,0.2195,,1
2020-05-19,43970.0,140.0,0.2182173913043478,,1
2020-05-20,43971.0,141.0,0.2711,,1
2020-05-21,43972.0,142.0,0.3445,,1
2020-05-22,43973.0,143.0,0.3425833333333333,,1
2020-05-23,43974.0,144.0,0.3259583333333333,,1
2020-05-24,43975.0,145.0,0.3071666666666666,,1
2020-05-25,43976.0,146.0,0.2956666666666667,,1
2020-05-26,43977.0,147.0,0.2884583333333333,,1
2020-05-27,43978.0,148.0,0.2837083333333333,,1
2020-05-28,43979.0,149.0,0.2821739130434783,,1
2020-05-29,43980.0,150.0,0.276125,,1
2020-05-30,43981.0,151.0,0.2678333333333333,,1
2020-05-31,43982.0,152.0,0.2653636363636363,,1
2020-06-01,43983.0,153.0,0.2681666666666666,,1
2020-06-02,43984.0,154.0,0.2695238095238095,,1
2020-06-03,43985.0,155.0,0.2673333333333333,,1
2020-06-04,43986.0,156.0,0.2616666666666666,,1
2020-06-05,43987.0,157.0,0.2521666666666666,,1
2020-06-06,43988.0,158.0,0.2446249999999999,,1
2020-06-07,43989.0,159.0,0.236375,,1
2020-06-08,43990.0,160.0,0.2273333333333333,,1
2020-06-09,43991.0,161.0,0.2199166666666666,,1
2020-06-10,43992.0,162.0,0.2208,,1
2020-06-11,43993.0,163.0,0.2219,,1
2020-06-12,43994.0,164.0,0.2219545454545454,,1
2020-06-13,43995.0,165.0,0.223,,1
2020-06-14,43996.0,166.0,0.2232173913043478,,1
2020-06-15,43997.0,167.0,0.2234545454545454,,1
2020-06-16,43998.0,168.0,0.2232083333333333,,1
2020-06-17,43999.0,169.0,0.2243636363636363,,1
2020-06-18,44000.0,170.0,0.2236086956521739,,1
2020-06-19,44001.0,171.0,0.2215833333333333,,1
2020-06-20,44002.0,172.0,0.2204347826086956,,1
2020-06-21,44003.0,173.0,0.2179166666666666,,1
2020-06-22,44004.0,174.0,0.2160416666666666,,1
2020-06-23,44005.0,175.0,0.2134166666666666,,1
2020-06-24,44006.0,176.0,0.2114166666666666,,1
2020-06-25,44007.0,177.0,0.2084583333333333,,1
2020-06-26,44008.0,178.0,0.2065833333333333,,1
2020-06-27,44009.0,179.0,0.2071818181818181,,1
2020-06-28,44010.0,180.0,0.2102105263157894,,1
2020-06-29,44011.0,181.0,0.2087391304347826,,1
2020-06-30,44012.0,182.0,0.2059583333333333,,1
2020-07-01,44013.0,183.0,0.2049166666666666,,1
2020-07-02,44014.0,184.0,0.2030833333333333,,1
2020-07-03,44015.0,185.0,0.1997916666666666,,1
2020-07-04,44016.0,186.0,0.2233333333333333,,1
2020-07-05,44017.0,187.0,0.3205625,,1
2020-07-06,44018.0,188.0,0.2970869565217391,,1
2020-07-07,44019.0,189.0,0.2860416666666666,,1
2020-07-08,44020.0,190.0,0.269,,1
2020-07-09,44021.0,191.0,0.2630416666666667,,1
2020-07-10,44022.0,192.0,0.2524583333333333,,1
2020-07-11,44023.0,193.0,0.2440833333333333,,1
2020-07-12,44024.0,194.0,0.2335,,1
2020-07-13,44025.0,195.0,0.2259166666666666,,1
2020-07-14,44026.0,196.0,0.2177083333333333,,1
2020-07-15,44027.0,197.0,0.219,,1
2020-07-16,44028.0,198.0,0.217125,,1
2020-07-17,44029.0,199.0,0.2115416666666666,,1
2020-07-18,44030.0,200.0,0.213578947368421,,1
2020-07-19,44031.0,201.0,0.2135217391304347,,1
2020-07-20,44032.0,202.0,0.2119166666666666,,1
2020-07-21,44033.0,203.0,0.212090909090909,,1
2020-07-22,44034.0,204.0,0.20725,,1
2020-07-23,44035.0,205.0,0.2013333333333333,,1
2020-07-24,44036.0,206.0,0.1992083333333333,,1
2020-07-25,44037.0,207.0,0.1988636363636363,,1
2020-07-26,44038.0,208.0,0.2782173913043478,,1
2020-07-27,44039.0,209.0,0.3280416666666667,,1
2020-07-28,44040.0,210.0,0.310625,,1
2020-07-29,44041.0,211.0,0.2962083333333333,,1
2020-07-30,44042.0,212.0,0.2822083333333333,,1
2020-07-31,44043.0,213.0,0.2675416666666667,,1
2020-08-01,44044.0,214.0,0.2635833333333333,,1
2020-08-02,44045.0,215.0,0.2624782608695652,,1
2020-08-03,44046.0,216.0,0.2482083333333333,,1
2020-08-04,44047.0,217.0,0.2349583333333333,,1
2020-08-05,44048.0,218.0,0.23075,,1
2020-08-06,44049.0,219.0,0.228875,,1
2020-08-07,44050.0,220.0,0.233,,1
2020-08-08,44051.0,221.0,0.301,,1
2020-08-09,44052.0,222.0,0.3150952380952381,,1
2020-08-10,44053.0,223.0,0.3104166666666667,,1
2020-08-11,44054.0,224.0,0.304875,,1
2020-08-12,44055.0,225.0,0.2956666666666667,,1
2020-08-13,44056.0,226.0,0.2854583333333333,,1
2020-08-14,44057.0,227.0,0.2742083333333333,,1
2020-08-15,44058.0,228.0,0.269,,1
2020-08-16,44059.0,229.0,0.267625,,1
2020-08-17,44060.0,230.0,0.2568333333333333,,1
2020-08-18,44061.0,231.0,0.2499166666666666,,1
2020-08-19,44062.0,232.0,0.2449583333333333,,1
2020-08-20,44063.0,233.0,0.2417391304347826,,1
2020-08-21,44064.0,234.0,0.2428695652173913,,1
2020-08-22,44065.0,235.0,0.2389583333333333,,1
2020-08-23,44066.0,236.0,0.2370416666666666,,1
2020-08-24,44067.0,237.0,0.2359583333333333,,1
2020-08-25,44068.0,238.0,0.234,,1
2020-08-26,44069.0,239.0,0.2279166666666666,,1
2020-08-27,44070.0,240.0,0.2220416666666666,,1
2020-08-28,44071.0,241.0,0.2183333333333333,,1
2020-08-29,44072.0,242.0,0.2153749999999999,,1
2020-08-30,44073.0,243.0,0.2136086956521739,,1
2020-08-31,44074.0,244.0,0.21125,,1
2020-09-01,44075.0,245.0,0.2113043478260869,,1
2020-09-02,44076.0,246.0,0.2099565217391304,,1
2020-09-03,44077.0,247.0,0.2087916666666666,,1
2020-09-04,44078.0,248.0,0.2076249999999999,,1
2020-09-05,44079.0,249.0,0.2062083333333333,,1
2020-09-06,44080.0,250.0,0.2046086956521739,,1
2020-09-07,44081.0,251.0,0.2052608695652173,,1
2020-09-08,44082.0,252.0,0.2054782608695652,,1
2020-09-09,44083.0,253.0,0.2056818181818181,,1
2020-09-10,44084.0,254.0,0.2060416666666666,,1
2020-09-11,44085.0,255.0,0.2054347826086956,,1
2020-09-12,44086.0,256.0,0.2044166666666666,,1
2020-09-13,44087.0,257.0,0.2031739130434782,,1
2020-09-14,44088.0,258.0,0.201875,,1
2020-09-15,44089.0,259.0,0.2008695652173913,,1
2020-09-16,44090.0,260.0,0.1997826086956522,,1
2020-09-17,44091.0,261.0,0.1984166666666666,,1
2020-09-18,44092.0,262.0,0.1978333333333333,,1
2020-09-19,44093.0,263.0,0.1955652173913043,,1
2020-09-20,44094.0,264.0,0.1953913043478261,,1
2020-09-21,44095.0,265.0,0.19375,,1
2020-09-22,44096.0,266.0,0.1918333333333333,,1
2020-09-23,44097.0,267.0,0.1903478260869565,,1
2020-09-24,44098.0,268.0,0.191047619047619,,1
2020-09-25,44099.0,269.0,0.1907916666666666,,1
2020-09-26,44100.0,270.0,0.1902916666666666,,1
2020-09-27,44101.0,271.0,0.1879583333333333,,1
2020-09-28,44102.0,272.0,0.1871666666666666,,1
2020-09-29,44103.0,273.0,0.1868181818181818,,1
2020-09-30,44104.0,274.0,0.1864782608695652,,1
2020-10-01,44105.0,275.0,0.1880526315789473,,1
2020-10-02,44106.0,276.0,0.1884782608695652,,1
2020-10-03,44107.0,277.0,0.1875416666666667,,1
2020-10-04,44108.0,278.0,0.1861666666666666,,1
2020-10-05,44109.0,279.0,0.1844583333333333,,1
2020-10-06,44110.0,280.0,0.1846315789473684,,1
2020-10-07,44111.0,281.0,0.1838260869565217,,1
2020-10-08,44112.0,282.0,0.1837391304347826,,1
2020-10-09,44113.0,283.0,0.182625,,1
2020-10-10,44114.0,284.0,0.1821304347826087,,1
2020-10-11,44115.0,285.0,0.1809090909090909,,1
2020-10-12,44116.0,286.0,0.1810434782608695,,1
2020-10-13,44117.0,287.0,0.1798695652173912,,1
2020-10-14,44118.0,288.0,0.1793043478260869,,1
2020-10-15,44119.0,289.0,0.1788333333333333,,1
2020-10-16,44120.0,290.0,0.1767083333333333,,1
2020-10-17,44121.0,291.0,0.1772272727272727,,1
2020-10-18,44122.0,292.0,0.1762083333333333,,1
2020-10-19,44123.0,293.0,0.1756666666666666,,1
2020-10-20,44124.0,294.0,0.1745,,1
2020-10-21,44125.0,295.0,0.1743333333333333,,1
2020-10-22,44126.0,296.0,0.1743749999999999,,1
2020-10-23,44127.0,297.0,0.1730833333333333,,1
2020-10-24,44128.0,298.0,0.1727142857142857,,1
2020-10-25,44129.0,299.0,0.1725,,1
2020-10-26,44130.0,300.0,0.1728695652173913,,1
2020-10-27,44131.0,301.0,0.17275,,1
2020-10-28,44132.0,302.0,0.1722083333333333,,1
2020-10-29,44133.0,303.0,0.1718695652173913,,1
2020-10-30,44134.0,304.0,0.1722272727272727,,1
2020-10-31,44135.0,305.0,0.1724782608695652,,1
2020-11-01,44136.0,306.0,0.171625,,1
2020-11-02,44137.0,307.0,0.1711428571428571,,1
2020-11-03,44138.0,308.0,0.170625,,1
2020-11-04,44139.0,309.0,0.1703043478260869,,1
2020-11-05,44140.0,310.0,0.1699565217391304,,1
2020-11-06,44141.0,311.0,0.1699583333333333,,1
2020-11-07,44142.0,312.0,0.1693333333333333,,1
2020-11-08,44143.0,313.0,0.1687083333333333,,1
2020-11-09,44144.0,314.0,0.1685652173913043,,1
2020-11-10,44145.0,315.0,0.1689565217391304,,1
2020-11-11,44146.0,316.0,0.1683043478260869,,1
2020-11-12,44147.0,317.0,0.1674782608695652,,1
2020-11-13,44148.0,318.0,0.1673043478260869,,1
2020-11-14,44149.0,319.0,0.1670454545454545,,1
2020-11-15,44150.0,320.0,0.166695652173913,,1
2020-11-16,44151.0,321.0,0.1669130434782609,,1
2020-11-17,44152.0,322.0,0.1658695652173913,,1
2020-11-18,44153.0,323.0,0.1662173913043478,,1
2020-11-19,44154.0,324.0,0.18325,,1
2020-11-20,44155.0,325.0,0.2762,,1
2020-11-21,44156.0,326.0,0.2682608695652174,,1
2020-11-22,44157.0,327.0,0.2619545454545454,,1
2020-11-23,44158.0,328.0,0.2890625,,1
2020-11-24,44159.0,329.0,0.2829583333333333,,1
2020-11-25,44160.0,330.0,0.2767916666666667,,1
2020-11-26,44161.0,331.0,0.273,,1
2020-11-27,44162.0,332.0,0.2675416666666667,,1
2020-11-28,44163.0,333.0,0.26425,,1
2020-11-29,44164.0,334.0,0.2610416666666666,,1
2020-11-30,44165.0,335.0,0.2580833333333333,,1
2020-12-01,44166.0,336.0,0.2552083333333333,,1
2020-12-02,44167.0,337.0,0.2517916666666667,,1
2020-12-03,44168.0,338.0,0.24975,,1
2020-12-04,44169.0,339.0,0.2465,,1
2020-12-05,44170.0,340.0,0.2445416666666666,,1
2020-12-06,44171.0,341.0,0.243125,,1
2020-12-07,44172.0,342.0,0.2400833333333333,,1
2020-12-08,44173.0,343.0,0.2382083333333333,,1
2020-12-09,44174.0,344.0,0.236391304347826,,1
2020-12-10,44175.0,345.0,0.2335,,1
2020-12-11,44176.0,346.0,0.231125,,1
2020-12-12,44177.0,347.0,0.2288333333333333,,1
2020-12-13,44178.0,348.0,0.227625,,1
2020-12-14,44179.0,349.0,0.2237916666666667,,1
2020-12-15,44180.0,350.0,0.2199523809523809,,1
2020-12-16,44181.0,351.0,0.211875,,1
2020-12-17,44182.0,352.0,0.211125,,1
2020-12-18,44183.0,353.0,0.2082916666666666,,1
2020-12-19,44184.0,354.0,0.2049166666666666,,1
2020-12-20,44185.0,355.0,0.2049583333333333,,1
2020-12-21,44186.0,356.0,0.2042916666666666,,1
2020-12-22,44187.0,357.0,0.2022916666666666,,1
2020-12-23,44188.0,358.0,0.199375,,1
2020-12-24,44189.0,359.0,0.1928333333333333,,1
2020-12-25,44190.0,360.0,0.1885416666666667,,1
2020-12-26,44191.0,361.0,0.1861666666666666,,1
2020-12-27,44192.0,362.0,0.2030666666666666,,1
2020-12-28,44193.0,363.0,0.2189047619047619,,1
2020-12-29,44194.0,364.0,0.21275,,1
2020-12-30,44195.0,365.0,0.2058333333333333,,1
2020-12-31,44196.0,366.0,0.202125,,1
2021-01-01,44197.0,1.0,0.2007083333333333,,1
2021-01-02,44198.0,2.0,0.1983333333333333,,1
2021-01-03,44199.0,3.0,0.1975416666666667,,1
2021-01-04,44200.0,4.0,0.1957083333333333,,1
2021-01-05,44201.0,5.0,0.1964166666666666,,1
2021-01-06,44202.0,6.0,0.194875,,1
2021-01-07,44203.0,7.0,0.194375,,1
2021-01-08,44204.0,8.0,0.1916086956521739,,1
2021-01-09,44205.0,9.0,0.1905,,1
2021-01-10,44206.0,10.0,0.1877916666666666,,1
2021-01-11,44207.0,11.0,0.1850833333333333,,1
2021-01-12,44208.0,12.0,0.1825,,1
2021-01-13,44209.0,13.0,0.1838695652173913,,1
2021-01-14,44210.0,14.0,0.1835833333333333,,1
2021-01-15,44211.0,15.0,0.1865,,1
2021-01-16,44212.0,16.0,0.18675,,1
2021-01-17,44213.0,17.0,0.1889583333333333,,1
2021-01-18,44214.0,18.0,0.1903181818181818,,1
2021-01-19,44215.0,19.0,0.339625,,1
2021-01-20,44216.0,20.0,0.467625,,1
2021-01-21,44217.0,21.0,0.4403333333333333,,1
2021-01-22,44218.0,22.0,0.418,,1
2021-01-23,44219.0,23.0,,,0
2021-01-24,44220.0,24.0,,,0
2021-01-25,44221.0,25.0,,,0
2021-01-26,44222.0,26.0,,,0
2021-01-27,44223.0,27.0,,,0
2021-01-28,44224.0,28.0,,,0
2021-01-29,44225.0,29.0,,,0
2021-01-30,44226.0,30.0,,,0
2021-01-31,44227.0,31.0,,,0
2021-02-01,44228.0,32.0,,,0
2021-02-02,44229.0,33.0,,,0
2021-02-03,44230.0,34.0,,,0
2021-02-04,44231.0,35.0,,,0
2021-02-05,44232.0,36.0,,,0
2021-02-06,44233.0,37.0,,,0
2021-02-07,44234.0,38.0,,,0
2021-02-08,44235.0,39.0,,,0
2021-02-09,44236.0,40.0,,,0
2021-02-10,44237.0,41.0,,,0
2021-02-11,44238.0,42.0,,,0
2021-02-12,44239.0,43.0,,,0
2021-02-13,44240.0,44.0,,,0
2021-02-14,44241.0,45.0,,,0
2021-02-15,44242.0,46.0,,,0
2021-02-16,44243.0,47.0,,,0
2021-02-17,44244.0,48.0,,,0
2021-02-18,44245.0,49.0,,,0
2021-02-19,44246.0,50.0,,,0
2021-02-20,44247.0,51.0,,,0
2021-02-21,44248.0,52.0,,,0
2021-02-22,44249.0,53.0,,,0
2021-02-23,44250.0,54.0,,,0
2021-02-24,44251.0,55.0,,,0
2021-02-25,44252.0,56.0,,,0
2021-02-26,44253.0,57.0,,,0
2021-02-27,44254.0,58.0,,,0
2021-02-28,44255.0,59.0,,,0
2021-03-01,44256.0,60.0,,,0
2021-03-02,44257.0,61.0,,,0
2021-03-03,44258.0,62.0,,,0
2021-03-04,44259.0,63.0,,,0
2021-03-05,44260.0,64.0,,,0
2021-03-06,44261.0,65.0,,,0
2021-03-07,44262.0,66.0,,,0
2021-03-08,44263.0,67.0,,,0
2021-03-09,44264.0,68.0,,,0
2021-03-10,44265.0,69.0,,,0
2021-03-11,44266.0,70.0,,,0
2021-03-12,44267.0,71.0,,,0
2021-03-13,44268.0,72.0,,,0
2021-03-14,44269.0,73.0,,,0
2021-03-15,44270.0,74.0,,,0
2021-03-16,44271.0,75.0,,,0
2021-03-17,44272.0,76.0,,,0
2021-03-18,44273.0,77.0,,,0
2021-03-19,44274.0,78.0,,,0
2021-03-20,44275.0,79.0,,,0
2021-03-21,44276.0,80.0,,,0
2021-03-22,44277.0,81.0,,,0
2021-03-23,44278.0,82.0,0.2875,,1
2021-03-24,44279.0,83.0,,,0
2021-03-25,44280.0,84.0,,,0
2021-03-26,44281.0,85.0,,,0
2021-03-27,44282.0,86.0,,,0
2021-03-28,44283.0,87.0,,,0
2021-03-29,44284.0,88.0,,,0
2021-03-30,44285.0,89.0,,,0
2021-03-31,44286.0,90.0,,,0
2021-04-01,44287.0,91.0,,,0
2021-04-02,44288.0,92.0,,,0
2021-04-03,44289.0,93.0,,,0
2021-04-04,44290.0,94.0,,,0
2021-04-05,44291.0,95.0,,,0
2021-04-06,44292.0,96.0,,,0
2021-04-07,44293.0,97.0,,,0
2021-04-08,44294.0,98.0,,,0
2021-04-09,44295.0,99.0,,,0
2021-04-10,44296.0,100.0,,,0
2021-04-11,44297.0,101.0,,,0
2021-04-12,44298.0,102.0,,,0
2021-04-13,44299.0,103.0,,,0
2021-04-14,44300.0,104.0,,,0
2021-04-15,44301.0,105.0,,,0
2021-04-16,44302.0,106.0,,,0
2021-04-17,44303.0,107.0,,,0
2021-04-18,44304.0,108.0,,,0
2021-04-19,44305.0,109.0,,,0
2021-04-20,44306.0,110.0,,,0
2021-04-21,44307.0,111.0,,,0
2021-04-22,44308.0,112.0,,,0
2021-04-23,44309.0,113.0,,,0
2021-04-24,44310.0,114.0,,,0
2021-04-25,44311.0,115.0,,,0
2021-04-26,44312.0,116.0,,,0
2021-04-27,44313.0,117.0,,,0
2021-04-28,44314.0,118.0,,,0
2021-04-29,44315.0,119.0,,,0
2021-04-30,44316.0,120.0,,,0
2021-05-01,44317.0,121.0,,,0
2021-05-02,44318.0,122.0,,,0
2021-05-03,44319.0,123.0,,,0
2021-05-04,44320.0,124.0,,,0
2021-05-05,44321.0,125.0,,,0
2021-05-06,44322.0,126.0,,,0
2021-05-07,44323.0,127.0,,,0
2021-05-08,44324.0,128.0,,,0
2021-05-09,44325.0,129.0,,,0
2021-05-10,44326.0,130.0,,,0
2021-05-11,44327.0,131.0,,,0
2021-05-12,44328.0,132.0,,,0
2021-05-13,44329.0,133.0,,,0
2021-05-14,44330.0,134.0,,,0
2021-05-15,44331.0,135.0,,,0
2021-05-16,44332.0,136.0,,,0
2021-05-17,44333.0,137.0,,,0
2021-05-18,44334.0,138.0,,,0
2021-05-19,44335.0,139.0,,,0
2021-05-20,44336.0,140.0,,,0
2021-05-21,44337.0,141.0,,,0
2021-05-22,44338.0,142.0,,,0
2021-05-23,44339.0,143.0,,,0
2021-05-24,44340.0,144.0,,,0
2021-05-25,44341.0,145.0,,,0
2021-05-26,44342.0,146.0,,,0
2021-05-27,44343.0,147.0,,,0
2021-05-28,44344.0,148.0,,,0
2021-05-29,44345.0,149.0,,,0
2021-05-30,44346.0,150.0,,,0
2021-05-31,44347.0,151.0,,,0
2021-06-01,44348.0,152.0,,,0
2021-06-02,44349.0,153.0,,,0
2021-06-03,44350.0,154.0,,,0
2021-06-04,44351.0,155.0,,,0
2021-06-05,44352.0,156.0,,,0
2021-06-06,44353.0,157.0,,,0
2021-06-07,44354.0,158.0,,,0
2021-06-08,44355.0,159.0,,,0
2021-06-09,44356.0,160.0,,,0
2021-06-10,44357.0,161.0,,,0
2021-06-11,44358.0,162.0,,,0
2021-06-12,44359.0,163.0,,,0
2021-06-13,44360.0,164.0,,,0
2021-06-14,44361.0,165.0,,,0
2021-06-15,44362.0,166.0,,,0
2021-06-16,44363.0,167.0,,,0
2021-06-17,44364.0,168.0,,,0
2021-06-18,44365.0,169.0,,,0
2021-06-19,44366.0,170.0,,,0
2021-06-20,44367.0,171.0,,,0
2021-06-21,44368.0,172.0,,,0
2021-06-22,44369.0,173.0,,,0
2021-06-23,44370.0,174.0,,,0
2021-06-24,44371.0,175.0,,,0
2021-06-25,44372.0,176.0,,,0
2021-06-26,44373.0,177.0,,,0
2021-06-27,44374.0,178.0,,,0
2021-06-28,44375.0,179.0,,,0
2021-06-29,44376.0,180.0,,,0
2021-06-30,44377.0,181.0,,,0
2021-07-01,44378.0,182.0,,,0
2021-07-02,44379.0,183.0,,,0
2021-07-03,44380.0,184.0,,,0
2021-07-04,44381.0,185.0,,,0
2021-07-05,44382.0,186.0,,,0
2021-07-06,44383.0,187.0,,,0
2021-07-07,44384.0,188.0,,,0
2021-07-08,44385.0,189.0,,,0
2021-07-09,44386.0,190.0,,,0
2021-07-10,44387.0,191.0,,,0
2021-07-11,44388.0,192.0,,,0
2021-07-12,44389.0,193.0,,,0
2021-07-13,44390.0,194.0,,,0
2021-07-14,44391.0,195.0,,,0
2021-07-15,44392.0,196.0,,,0
2021-07-16,44393.0,197.0,,,0
2021-07-17,44394.0,198.0,,,0
2021-07-18,44395.0,199.0,,,0
2021-07-19,44396.0,200.0,,,0
2021-07-20,44397.0,201.0,,,0
2021-07-21,44398.0,202.0,,,0
2021-07-22,44399.0,203.0,,,0
2021-07-23,44400.0,204.0,,,0
2021-07-24,44401.0,205.0,,,0
2021-07-25,44402.0,206.0,,,0
2021-07-26,44403.0,207.0,,,0
2021-07-27,44404.0,208.0,,,0
2021-07-28,44405.0,209.0,,,0
2021-07-29,44406.0,210.0,,,0
2021-07-30,44407.0,211.0,,,0
2021-07-31,44408.0,212.0,,,0
2021-08-01,44409.0,213.0,,,0
2021-08-02,44410.0,214.0,,,0
2021-08-03,44411.0,215.0,,,0
2021-08-04,44412.0,216.0,,,0
2021-08-05,44413.0,217.0,,,0
2021-08-06,44414.0,218.0,,,0
2021-08-07,44415.0,219.0,,,0
2021-08-08,44416.0,220.0,,,0
2021-08-09,44417.0,221.0,,,0
2021-08-10,44418.0,222.0,,,0
2021-08-11,44419.0,223.0,,,0
2021-08-12,44420.0,224.0,,,0
2021-08-13,44421.0,225.0,,,0
2021-08-14,44422.0,226.0,,,0
2021-08-15,44423.0,227.0,,,0
2021-08-16,44424.0,228.0,,,0
2021-08-17,44425.0,229.0,,,0
2021-08-18,44426.0,230.0,,,0
2021-08-19,44427.0,231.0,,,0
2021-08-20,44428.0,232.0,,,0
2021-08-21,44429.0,233.0,,,0
2021-08-22,44430.0,234.0,,,0
2021-08-23,44431.0,235.0,,,0
2021-08-24,44432.0,236.0,,,0
2021-08-25,44433.0,237.0,,,0
2021-08-26,44434.0,238.0,,,0
2021-08-27,44435.0,239.0,,,0
2021-08-28,44436.0,240.0,,,0
2021-08-29,44437.0,241.0,,,0
2021-08-30,44438.0,242.0,,,0
2021-08-31,44439.0,243.0,,,0
2021-09-01,44440.0,244.0,,,0
2021-09-02,44441.0,245.0,,,0
2021-09-03,44442.0,246.0,,,0
2021-09-04,44443.0,247.0,,,0
2021-09-05,44444.0,248.0,,,0
2021-09-06,44445.0,249.0,,,0
2021-09-07,44446.0,250.0,,,0
2021-09-08,44447.0,251.0,,,0
2021-09-09,44448.0,252.0,,,0
2021-09-10,44449.0,253.0,,,0
2021-09-11,44450.0,254.0,,,0
2021-09-12,44451.0,255.0,,,0
2021-09-13,44452.0,256.0,,,0
2021-09-14,44453.0,257.0,,,0
2021-09-15,44454.0,258.0,,,0
2021-09-16,44455.0,259.0,,,0
2021-09-17,44456.0,260.0,,,0
2021-09-18,44457.0,261.0,,,0
2021-09-19,44458.0,262.0,,,0
2021-09-20,44459.0,263.0,,,0
2021-09-21,44460.0,264.0,,,0
2021-09-22,44461.0,265.0,,,0
2021-09-23,44462.0,266.0,,,0
2021-09-24,44463.0,267.0,,,0
2021-09-25,44464.0,268.0,,,0
2021-09-26,44465.0,269.0,,,0
2021-09-27,44466.0,270.0,,,0
2021-09-28,44467.0,271.0,,,0
2021-09-29,44468.0,272.0,0.1367142857142857,,1
2021-09-30,44469.0,273.0,0.137578947368421,,1
2021-10-01,44470.0,274.0,,,0
2021-10-02,44471.0,275.0,,,0
2021-10-03,44472.0,276.0,,,0
2021-10-04,44473.0,277.0,,,0
2021-10-05,44474.0,278.0,,,0
2021-10-06,44475.0,279.0,,,0
2021-10-07,44476.0,280.0,,,0
2021-10-08,44477.0,281.0,,,0
2021-10-09,44478.0,282.0,,,0
2021-10-10,44479.0,283.0,,,0
2021-10-11,44480.0,284.0,,,0
2021-10-12,44481.0,285.0,,,0
2021-10-13,44482.0,286.0,,,0
2021-10-14,44483.0,287.0,,,0
2021-10-15,44484.0,288.0,,,0
2021-10-16,44485.0,289.0,,,0
2021-10-17,44486.0,290.0,,,0
2021-10-18,44487.0,291.0,,,0
2021-10-19,44488.0,292.0,,,0
2021-10-20,44489.0,293.0,,,0
2021-10-21,44490.0,294.0,,,0
2021-10-22,44491.0,295.0,,,0
2021-10-23,44492.0,296.0,,,0
2021-10-24,44493.0,297.0,,,0
2021-10-25,44494.0,298.0,,,0
2021-10-26,44495.0,299.0,,,0
2021-10-27,44496.0,300.0,,,0
2021-10-28,44497.0,301.0,,,0
2021-10-29,44498.0,302.0,,,0
2021-10-30,44499.0,303.0,,,0
2021-10-31,44500.0,304.0,,,0
2021-11-01,44501.0,305.0,,,0
2021-11-02,44502.0,306.0,,,0
2021-11-03,44503.0,307.0,,,0
2021-11-04,44504.0,308.0,,,0
2021-11-05,44505.0,309.0,0.1473333333333333,,1
2021-11-06,44506.0,310.0,0.1457083333333333,,1
2021-11-07,44507.0,311.0,0.1433333333333333,,1
2021-11-08,44508.0,312.0,0.142875,,1
2021-11-09,44509.0,313.0,0.139625,,1
2021-11-10,44510.0,314.0,0.137625,,1
2021-11-11,44511.0,315.0,0.1347083333333333,,1
2021-11-12,44512.0,316.0,0.1301666666666666,,1
2021-11-13,44513.0,317.0,0.129,,1
2021-11-14,44514.0,318.0,0.128,,1
2021-11-15,44515.0,319.0,0.1314090909090909,,1
2021-11-16,44516.0,320.0,0.1349,,1
2021-11-17,44517.0,321.0,0.1352727272727272,,1
2021-11-18,44518.0,322.0,0.1398947368421052,,1
2021-11-19,44519.0,323.0,0.1534,,1
2021-11-20,44520.0,324.0,0.156,,1
2021-11-21,44521.0,325.0,0.1595714285714285,,1
2021-11-22,44522.0,326.0,0.1545652173913043,,1
2021-11-23,44523.0,327.0,0.1516111111111111,,1
2021-11-24,44524.0,328.0,0.152875,,1
2021-11-25,44525.0,329.0,0.1478636363636363,,1
2021-11-26,44526.0,330.0,0.1528571428571428,,1
2021-11-27,44527.0,331.0,0.15075,,1
2021-11-28,44528.0,332.0,0.1477083333333333,,1
2021-11-29,44529.0,333.0,0.169,,1
2021-11-30,44530.0,334.0,0.3531304347826087,,1
2021-12-01,44531.0,335.0,0.3134583333333333,,1
2021-12-02,44532.0,336.0,0.2895833333333333,,1
2021-12-03,44533.0,337.0,0.3033333333333333,,1
2021-12-04,44534.0,338.0,0.5132916666666667,,1
2021-12-05,44535.0,339.0,0.4876666666666667,,1
2021-12-06,44536.0,340.0,0.4954166666666666,,1
2021-12-07,44537.0,341.0,0.4754166666666666,,1
2021-12-08,44538.0,342.0,0.4615416666666667,,1
2021-12-09,44539.0,343.0,0.4340416666666666,,1
2021-12-10,44540.0,344.0,0.40025,,1
2021-12-11,44541.0,345.0,0.3749166666666666,,1
2021-12-12,44542.0,346.0,0.3582499999999999,,1
2021-12-13,44543.0,347.0,0.3379583333333333,,1
2021-12-14,44544.0,348.0,0.3252916666666667,,1
2021-12-15,44545.0,349.0,0.3030416666666666,,1
2021-12-16,44546.0,350.0,0.2859166666666666,,1
2021-12-17,44547.0,351.0,0.273875,,1
2021-12-18,44548.0,352.0,0.25925,,1
2021-12-19,44549.0,353.0,0.2485833333333333,,1
2021-12-20,44550.0,354.0,0.2454999999999999,,1
2021-12-21,44551.0,355.0,0.2424583333333333,,1
2021-12-22,44552.0,356.0,0.3087916666666666,,1
2021-12-23,44553.0,357.0,0.4685833333333333,,1
2021-12-24,44554.0,358.0,0.4381666666666666,,1
2021-12-25,44555.0,359.0,0.402625,,1
2021-12-26,44556.0,360.0,0.3722916666666667,,1
2021-12-27,44557.0,361.0,0.3500833333333333,,1
2021-12-28,44558.0,362.0,0.3385416666666667,,1
2021-12-29,44559.0,363.0,0.3242083333333334,,1
2021-12-30,44560.0,364.0,0.321625,,1
2021-12-31,44561.0,365.0,0.3189583333333333,,1
2022-01-01,44562.0,1.0,0.3531666666666667,,1
2022-01-02,44563.0,2.0,0.464375,,1
2022-01-03,44564.0,3.0,0.4260416666666666,,1
2022-01-04,44565.0,4.0,0.3990416666666667,,1
2022-01-05,44566.0,5.0,0.3728333333333333,,1
2022-01-06,44567.0,6.0,0.352,,1
2022-01-07,44568.0,7.0,0.3360833333333333,,1
2022-01-08,44569.0,8.0,0.3215833333333333,,1
2022-01-09,44570.0,9.0,0.305,,1
2022-01-10,44571.0,10.0,0.289391304347826,,1
2022-01-11,44572.0,11.0,0.2770416666666667,,1
2022-01-12,44573.0,12.0,0.2679583333333333,,1
2022-01-13,44574.0,13.0,0.2554166666666667,,1
2022-01-14,44575.0,14.0,0.2497083333333333,,1
2022-01-15,44576.0,15.0,0.4822272727272727,,1
2022-01-16,44577.0,16.0,0.4520833333333333,,1
2022-01-17,44578.0,17.0,0.4225416666666666,,1
2022-01-18,44579.0,18.0,0.3982083333333333,,1
2022-01-19,44580.0,19.0,0.3752083333333333,,1
2022-01-20,44581.0,20.0,0.361625,,1
2022-01-21,44582.0,21.0,0.34725,,1
2022-01-22,44583.0,22.0,0.330875,,1
2022-01-23,44584.0,23.0,0.3185833333333333,,1
2022-01-24,44585.0,24.0,0.3052916666666667,,1
2022-01-25,44586.0,25.0,0.2925,,1
2022-01-26,44587.0,26.0,0.2815,,1
2022-01-27,44588.0,27.0,0.2740416666666667,,1
2022-01-28,44589.0,28.0,0.2669166666666667,,1
2022-01-29,44590.0,29.0,0.256625,,1
2022-01-30,44591.0,30.0,0.2446666666666666,,1
2022-01-31,44592.0,31.0,0.2299999999999999,,1
2022-02-01,44593.0,32.0,0.2190833333333333,,1
2022-02-02,44594.0,33.0,0.2117083333333333,,1
2022-02-03,44595.0,34.0,0.2101666666666666,,1
2022-02-04,44596.0,35.0,0.2053333333333333,,1
2022-02-05,44597.0,36.0,0.2024166666666666,,1
2022-02-06,44598.0,37.0,0.1962083333333333,,1
2022-02-07,44599.0,38.0,0.1896666666666666,,1
2022-02-08,44600.0,39.0,0.1847083333333333,,1
2022-02-09,44601.0,40.0,0.1854166666666666,,1
2022-02-10,44602.0,41.0,0.1838333333333333,,1
2022-02-11,44603.0,42.0,0.1770416666666666,,1
2022-02-12,44604.0,43.0,0.1709166666666667,,1
2022-02-13,44605.0,44.0,0.1708333333333333,,1
2022-02-14,44606.0,45.0,0.1725833333333333,,1
2022-02-15,44607.0,46.0,0.17,,1
2022-02-16,44608.0,47.0,0.1645833333333333,,1
2022-02-17,44609.0,48.0,0.162625,,1
2022-02-18,44610.0,49.0,0.1632916666666666,,1
2022-02-19,44611.0,50.0,0.1645833333333333,,1
2022-02-20,44612.0,51.0,0.15875,,1
2022-02-21,44613.0,52.0,0.1594583333333333,,1
2022-02-22,44614.0,53.0,0.16215,,1
2022-02-23,44615.0,54.0,0.15925,,1
2022-02-24,44616.0,55.0,0.156,,1
2022-02-25,44617.0,56.0,0.156375,,1
2022-02-26,44618.0,57.0,0.1549166666666666,,1
2022-02-27,44619.0,58.0,0.1588333333333333,,1
2022-02-28,44620.0,59.0,0.1522916666666666,,1
2022-03-01,44621.0,60.0,0.1512083333333333,,1
2022-03-02,44622.0,61.0,0.1475,,1
2022-03-03,44623.0,62.0,0.1439583333333333,,1
2022-03-04,44624.0,63.0,0.139625,,1
2022-03-05,44625.0,64.0,0.1353333333333333,,1
2022-03-06,44626.0,65.0,0.1340833333333333,,1
2022-03-07,44627.0,66.0,0.1307916666666666,,1
2022-03-08,44628.0,67.0,0.1269583333333333,,1
2022-03-09,44629.0,68.0,0.126125,,1
2022-03-10,44630.0,69.0,0.1279583333333333,,1
2022-03-11,44631.0,70.0,0.1281666666666666,,1
2022-03-12,44632.0,71.0,0.1214166666666666,,1
2022-03-13,44633.0,72.0,0.1185833333333333,,1
2022-03-14,44634.0,73.0,0.11775,,1
2022-03-15,44635.0,74.0,0.1148333333333333,,1
2022-03-16,44636.0,75.0,0.1200416666666666,,1
2022-03-17,44637.0,76.0,0.1198333333333333,,1
2022-03-18,44638.0,77.0,0.1200833333333333,,1
2022-03-19,44639.0,78.0,0.1185416666666666,,1
2022-03-20,44640.0,79.0,0.1196,,1
2022-03-21,44641.0,80.0,0.1173181818181818,,1
2022-03-22,44642.0,81.0,0.1203333333333333,,1
2022-03-23,44643.0,82.0,0.1141249999999999,,1
2022-03-24,44644.0,83.0,0.114375,,1
2022-03-25,44645.0,84.0,0.1124166666666666,,1
2022-03-26,44646.0,85.0,0.1152916666666666,,1
2022-03-27,44647.0,86.0,0.31655,,1
2022-03-28,44648.0,87.0,0.2808333333333333,,1
2022-03-29,44649.0,88.0,0.234625,,1
2022-03-30,44650.0,89.0,0.2115416666666666,,1
2022-03-31,44651.0,90.0,0.2135833333333333,,1
2022-04-01,44652.0,91.0,0.2437916666666666,,1
2022-04-02,44653.0,92.0,0.4575833333333333,,1
2022-04-03,44654.0,93.0,0.46475,,1
2022-04-04,44655.0,94.0,0.4024583333333333,,1
2022-04-05,44656.0,95.0,0.3591249999999999,,1
2022-04-06,44657.0,96.0,0.3342083333333334,,1
2022-04-07,44658.0,97.0,0.308,,1
2022-04-08,44659.0,98.0,0.2848333333333333,,1
2022-04-09,44660.0,99.0,0.2612083333333333,,1
2022-04-10,44661.0,100.0,0.2591304347826087,,1
2022-04-11,44662.0,101.0,0.2552083333333333,,1
2022-04-12,44663.0,102.0,0.2536363636363636,,1
2022-04-13,44664.0,103.0,0.2435,,1
2022-04-14,44665.0,104.0,0.2340416666666666,,1
2022-04-15,44666.0,105.0,0.22875,,1
2022-04-16,44667.0,106.0,0.2277083333333333,,1
2022-04-17,44668.0,107.0,0.2207083333333333,,1
2022-04-18,44669.0,108.0,0.2199583333333333,,1
2022-04-19,44670.0,109.0,0.2177083333333333,,1
2022-04-20,44671.0,110.0,0.2984705882352941,,1
2022-04-21,44672.0,111.0,0.3888333333333333,,1
2022-04-22,44673.0,112.0,0.34,,1
2022-04-23,44674.0,113.0,0.3205,,1
2022-04-24,44675.0,114.0,0.2987083333333333,,1
2022-04-25,44676.0,115.0,0.2801666666666667,,1
2022-04-26,44677.0,116.0,0.2707916666666667,,1
2022-04-27,44678.0,117.0,0.265625,,1
2022-04-28,44679.0,118.0,0.2585833333333333,,1
2022-04-29,44680.0,119.0,0.251,,1
2022-04-30,44681.0,120.0,0.2418333333333333,,1
2022-05-01,44682.0,121.0,0.2356666666666666,,1
2022-05-02,44683.0,122.0,0.2374583333333333,,1
2022-05-03,44684.0,123.0,0.23615,,1
2022-05-04,44685.0,124.0,0.4846428571428571,,1
2022-05-05,44686.0,125.0,0.4910833333333333,,1
2022-05-06,44687.0,126.0,0.4679583333333333,,1
2022-05-07,44688.0,127.0,0.4347083333333333,,1
2022-05-08,44689.0,128.0,0.400875,,1
2022-05-09,44690.0,129.0,0.377375,,1
2022-05-10,44691.0,130.0,0.3550416666666666,,1
2022-05-11,44692.0,131.0,0.3338333333333333,,1
2022-05-12,44693.0,132.0,0.3151666666666666,,1
2022-05-13,44694.0,133.0,0.298375,,1
2022-05-14,44695.0,134.0,0.2774166666666667,,1
2022-05-15,44696.0,135.0,0.2624583333333333,,1
2022-05-16,44697.0,136.0,0.2467083333333333,,1
2022-05-17,44698.0,137.0,0.2320416666666666,,1
2022-05-18,44699.0,138.0,0.2239583333333333,,1
2022-05-19,44700.0,139.0,0.2147083333333333,,1
2022-05-20,44701.0,140.0,0.20925,,1
2022-05-21,44702.0,141.0,0.1952083333333333,,1
2022-05-22,44703.0,142.0,0.182625,,1
2022-05-23,44704.0,143.0,0.171875,,1
2022-05-24,44705.0,144.0,0.1700833333333333,,1
2022-05-25,44706.0,145.0,0.1620833333333333,,1
2022-05-26,44707.0,146.0,0.1534583333333333,,1
2022-05-27,44708.0,147.0,0.1495833333333333,,1
2022-05-28,44709.0,148.0,0.1464166666666666,,1
2022-05-29,44710.0,149.0,0.1480454545454545,,1
2022-05-30,44711.0,150.0,0.1465217391304347,,1
2022-05-31,44712.0,151.0,0.14375,,1
2022-06-01,44713.0,152.0,0.1430416666666666,,1
2022-06-02,44714.0,153.0,0.1427083333333333,,1
2022-06-03,44715.0,154.0,0.1462857142857142,,1
2022-06-04,44716.0,155.0,0.1499047619047619,,1
2022-06-05,44717.0,156.0,0.2286363636363636,,1
2022-06-06,44718.0,157.0,0.2390434782608695,,1
2022-06-07,44719.0,158.0,0.2165416666666666,,1
2022-06-08,44720.0,159.0,0.1969583333333333,,1
2022-06-09,44721.0,160.0,0.1815416666666666,,1
2022-06-10,44722.0,161.0,0.169625,,1
2022-06-11,44723.0,162.0,0.164125,,1
2022-06-12,44724.0,163.0,0.1593333333333333,,1
2022-06-13,44725.0,164.0,0.15525,,1
2022-06-14,44726.0,165.0,0.1547826086956521,,1
2022-06-15,44727.0,166.0,0.1509583333333333,,1
2022-06-16,44728.0,167.0,0.147875,,1
2022-06-17,44729.0,168.0,0.1416666666666666,,1
2022-06-18,44730.0,169.0,0.1399999999999999,,1
2022-06-19,44731.0,170.0,0.1414166666666666,,1
2022-06-20,44732.0,171.0,0.1375833333333333,,1
2022-06-21,44733.0,172.0,0.1334166666666666,,1
2022-06-22,44734.0,173.0,0.131625,,1
2022-06-23,44735.0,174.0,0.1297083333333333,,1
2022-06-24,44736.0,175.0,0.1287391304347826,,1
2022-06-25,44737.0,176.0,0.12775,,1
2022-06-26,44738.0,177.0,0.1265652173913043,,1
2022-06-27,44739.0,178.0,0.1275,,1
2022-06-28,44740.0,179.0,0.1222083333333333,,1
2022-06-29,44741.0,180.0,0.120125,,1
2022-06-30,44742.0,181.0,0.129,,1
2022-07-01,44743.0,182.0,0.1385,,1
2022-07-02,44744.0,183.0,0.136875,,1
2022-07-03,44745.0,184.0,0.1315833333333333,,1
2022-07-04,44746.0,185.0,0.128875,,1
2022-07-05,44747.0,186.0,0.1272608695652174,,1
2022-07-06,44748.0,187.0,0.1248333333333333,,1
2022-07-07,44749.0,188.0,0.1223333333333333,,1
2022-07-08,44750.0,189.0,0.121125,,1
2022-07-09,44751.0,190.0,0.12505,,1
2022-07-10,44752.0,191.0,0.1284761904761904,,1
2022-07-11,44753.0,192.0,0.129125,,1
2022-07-12,44754.0,193.0,0.136375,,1
2022-07-13,44755.0,194.0,0.1764285714285714,,1
2022-07-14,44756.0,195.0,0.379235294117647,,1
2022-07-15,44757.0,196.0,0.4248823529411765,,1
2022-07-16,44758.0,197.0,0.4442631578947368,,1
2022-07-17,44759.0,198.0,0.4408333333333333,,1
2022-07-18,44760.0,199.0,0.4062916666666666,,1
2022-07-19,44761.0,200.0,0.368,,1
2022-07-20,44762.0,201.0,0.3343333333333333,,1
2022-07-21,44763.0,202.0,0.3126666666666666,,1
2022-07-22,44764.0,203.0,0.2959166666666666,,1
2022-07-23,44765.0,204.0,0.282375,,1
2022-07-24,44766.0,205.0,0.2639583333333333,,1
2022-07-25,44767.0,206.0,0.2385,,1
2022-07-26,44768.0,207.0,0.225,,1
2022-07-27,44769.0,208.0,0.38805,,1
2022-07-28,44770.0,209.0,0.4130833333333333,,1
2022-07-29,44771.0,210.0,0.363,,1
2022-07-30,44772.0,211.0,0.3345,,1
2022-07-31,44773.0,212.0,0.3151666666666666,,1
2022-08-01,44774.0,213.0,0.2804583333333333,,1
2022-08-02,44775.0,214.0,0.2494166666666666,,1
2022-08-03,44776.0,215.0,0.2348749999999999,,1
2022-08-04,44777.0,216.0,0.21325,,1
2022-08-05,44778.0,217.0,0.1942916666666666,,1
2022-08-06,44779.0,218.0,0.1787916666666666,,1
2022-08-07,44780.0,219.0,0.1669583333333333,,1
2022-08-08,44781.0,220.0,0.1509583333333333,,1
2022-08-09,44782.0,221.0,0.145,,1
2022-08-10,44783.0,222.0,0.142,,1
2022-08-11,44784.0,223.0,0.1389583333333333,,1
2022-08-12,44785.0,224.0,0.135375,,1
2022-08-13,44786.0,225.0,0.128375,,1
2022-08-14,44787.0,226.0,0.1210416666666666,,1
2022-08-15,44788.0,227.0,0.1141249999999999,,1
2022-08-16,44789.0,228.0,0.1149999999999999,,1
2022-08-17,44790.0,229.0,0.1154583333333333,,1
2022-08-18,44791.0,230.0,0.1146249999999999,,1
2022-08-19,44792.0,231.0,0.107125,,1
2022-08-20,44793.0,232.0,0.1012916666666666,,1
2022-08-21,44794.0,233.0,0.0989583333333333,,1
2022-08-22,44795.0,234.0,0.0989583333333333,,1
2022-08-23,44796.0,235.0,0.3897727272727272,,1
2022-08-24,44797.0,236.0,0.3094166666666667,,1
2022-08-25,44798.0,237.0,0.240375,,1
2022-08-26,44799.0,238.0,0.1773749999999999,,1
2022-08-27,44800.0,239.0,0.1569583333333333,,1
2022-08-28,44801.0,240.0,0.1331363636363636,,1
2022-08-29,44802.0,241.0,0.1230454545454545,,1
2022-08-30,44803.0,242.0,0.1184090909090909,,1
2022-08-31,44804.0,243.0,0.111375,,1
2022-09-01,44805.0,244.0,0.1025416666666666,,1
2022-09-02,44806.0,245.0,0.0967083333333333,,1
2022-09-03,44807.0,246.0,0.0992916666666666,,1
2022-09-04,44808.0,247.0,0.0959166666666666,,1
2022-09-05,44809.0,248.0,0.0921666666666666,,1
2022-09-06,44810.0,249.0,0.0915454545454545,,1
2022-09-07,44811.0,250.0,0.089695652173913,,1
2022-09-08,44812.0,251.0,0.0904782608695652,,1
2022-09-09,44813.0,252.0,0.093695652173913,,1
2022-09-10,44814.0,253.0,0.09,,1
2022-09-11,44815.0,254.0,0.0881666666666666,,1
2022-09-12,44816.0,255.0,0.0840869565217391,,1
2022-09-13,44817.0,256.0,0.0877083333333333,,1
2022-09-14,44818.0,257.0,0.0865217391304347,,1
2022-09-15,44819.0,258.0,0.0864583333333333,,1
2022-09-16,44820.0,259.0,0.0858333333333333,,1
2022-09-17,44821.0,260.0,0.0914583333333333,,1
2022-09-18,44822.0,261.0,0.1046521739130434,,1
2022-09-19,44823.0,262.0,0.103125,,1
2022-09-20,44824.0,263.0,0.0934583333333333,,1
2022-09-21,44825.0,264.0,0.0949130434782608,,1
2022-09-22,44826.0,265.0,0.0959545454545454,,1
2022-09-23,44827.0,266.0,0.1050869565217391,,1
2022-09-24,44828.0,267.0,0.1090416666666666,,1
2022-09-25,44829.0,268.0,0.1107083333333333,,1
2022-09-26,44830.0,269.0,0.103875,,1
2022-09-27,44831.0,270.0,0.095375,,1
2022-09-28,44832.0,271.0,0.0843749999999999,,1
2022-09-29,44833.0,272.0,0.0888333333333333,,1
2022-09-30,44834.0,273.0,0.0874166666666666,,1
2022-10-01,44835.0,274.0,0.0860416666666666,,1
2022-10-02,44836.0,275.0,0.0848749999999999,,1
2022-10-03,44837.0,276.0,0.087875,,1
2022-10-04,44838.0,277.0,0.0922916666666666,,1
2022-10-05,44839.0,278.0,0.089875,,1
2022-10-06,44840.0,279.0,0.0984999999999999,,1
2022-10-07,44841.0,280.0,0.0987916666666666,,1
2022-10-08,44842.0,281.0,0.3548695652173913,,1
2022-10-09,44843.0,282.0,0.3398333333333334,,1
2022-10-10,44844.0,283.0,0.2874583333333333,,1
2022-10-11,44845.0,284.0,0.257125,,1
2022-10-12,44846.0,285.0,0.22075,,1
2022-10-13,44847.0,286.0,0.194375,,1
2022-10-14,44848.0,287.0,0.177,,1
2022-10-15,44849.0,288.0,0.1725833333333333,,1
2022-10-16,44850.0,289.0,0.1643333333333333,,1
2022-10-17,44851.0,290.0,0.15125,,1
2022-10-18,44852.0,291.0,0.1450833333333333,,1
2022-10-19,44853.0,292.0,0.1262083333333333,,1
2022-10-20,44854.0,293.0,0.1100833333333333,,1
2022-10-21,44855.0,294.0,0.09825,,1
2022-10-22,44856.0,295.0,0.0922916666666666,,1
2022-10-23,44857.0,296.0,0.07075,,1
2022-10-24,44858.0,297.0,0.057375,,1
2022-10-25,44859.0,298.0,0.0505833333333333,,1
2022-10-26,44860.0,299.0,0.0523043478260869,,1
2022-10-27,44861.0,300.0,0.0558333333333333,,1
2022-10-28,44862.0,301.0,0.0504166666666666,,1
2022-10-29,44863.0,302.0,0.0455833333333333,,1
2022-10-30,44864.0,303.0,0.0439130434782608,,1
2022-10-31,44865.0,304.0,0.0465416666666666,,1
2022-11-01,44866.0,305.0,0.0472083333333333,,1
2022-11-02,44867.0,306.0,0.0391666666666666,,1
2022-11-03,44868.0,307.0,0.0424166666666666,,1
2022-11-04,44869.0,308.0,0.037,,1
2022-11-05,44870.0,309.0,0.0413636363636363,,1
2022-11-06,44871.0,310.0,0.0433181818181818,,1
2022-11-07,44872.0,311.0,0.0353333333333333,,1
2022-11-08,44873.0,312.0,0.035391304347826,,1
2022-11-09,44874.0,313.0,0.0307826086956521,,1
2022-11-10,44875.0,314.0,0.029625,,1
2022-11-11,44876.0,315.0,0.0283999999999999,,1
2022-11-12,44877.0,316.0,0.1731111111111111,,1
2022-11-13,44878.0,317.0,0.2585217391304347,,1
2022-11-14,44879.0,318.0,0.190125,,1
2022-11-15,44880.0,319.0,0.1460833333333333,,1
2022-11-16,44881.0,320.0,0.1213333333333333,,1
2022-11-17,44882.0,321.0,0.0981666666666666,,1
2022-11-18,44883.0,322.0,0.0798333333333333,,1
2022-11-19,44884.0,323.0,0.0707083333333333,,1
2022-11-20,44885.0,324.0,0.0603333333333333,,1
2022-11-21,44886.0,325.0,0.0495833333333333,,1
2022-11-22,44887.0,326.0,0.0385833333333333,,1
2022-11-23,44888.0,327.0,0.0332916666666666,,1
2022-11-24,44889.0,328.0,0.0340416666666666,,1
2022-11-25,44890.0,329.0,0.4273999999999999,,1
2022-11-26,44891.0,330.0,0.3478333333333334,,1
2022-11-27,44892.0,331.0,0.2827083333333333,,1
2022-11-28,44893.0,332.0,0.2477083333333333,,1
2022-11-29,44894.0,333.0,0.2330833333333333,,1
2022-11-30,44895.0,334.0,0.215,,1
2022-12-01,44896.0,335.0,0.196125,,1
2022-12-02,44897.0,336.0,0.1837083333333333,,1
2022-12-03,44898.0,337.0,0.167625,,1
2022-12-04,44899.0,338.0,0.1585416666666666,,1
2022-12-05,44900.0,339.0,0.15275,,1
2022-12-06,44901.0,340.0,0.145625,,1
2022-12-07,44902.0,341.0,0.1372916666666666,,1
2022-12-08,44903.0,342.0,0.1247083333333333,,1
2022-12-09,44904.0,343.0,0.1158333333333333,,1
2022-12-10,44905.0,344.0,0.1145,,1
2022-12-11,44906.0,345.0,0.1110833333333333,,1
2022-12-12,44907.0,346.0,0.1094583333333333,,1
2022-12-13,44908.0,347.0,0.109625,,1
2022-12-14,44909.0,348.0,0.107875,,1
2022-12-15,44910.0,349.0,0.10475,,1
2022-12-16,44911.0,350.0,0.100125,,1
2022-12-17,44912.0,351.0,0.1032083333333333,,1
2022-12-18,44913.0,352.0,0.1020416666666666,,1
2022-12-19,44914.0,353.0,0.4046666666666667,,1
2022-12-20,44915.0,354.0,0.481875,,1
2022-12-21,44916.0,355.0,0.3891666666666666,,1
2022-12-22,44917.0,356.0,0.3507916666666666,,1
2022-12-23,44918.0,357.0,0.3195,,1
2022-12-24,44919.0,358.0,0.2932916666666667,,1
2022-12-25,44920.0,359.0,0.2730416666666667,,1
2022-12-26,44921.0,360.0,0.2572083333333333,,1
2022-12-27,44922.0,361.0,0.2417916666666666,,1
2022-12-28,44923.0,362.0,0.22675,,1
2022-12-29,44924.0,363.0,0.21425,,1
2022-12-30,44925.0,364.0,0.2015,,1
2022-12-31,44926.0,365.0,,,0
